snapshot_date,project_id,sector,state,sanctioned_cost,project_age_months,planned_duration_months,cumulative_expenditure_to_date,physical_progress_to_date,progress_gap,expenditure_intensity,terrain_complexity_index,clearance_bottlenecks_count,historical_revisions_count,cost_overrun,time_overrun,realized_final_cost,realized_final_delay_months
2018-06-01,PRJ-SYNTH-0034,Roads & Highways,Jammu & Kashmir,661.94,4,88,19.46,2.0,0.0,1.47,0.85,2,1,1,0,974.9,2
2018-06-17,PRJ-SYNTH-0106,Ports & Shipping,Assam,2654.07,4,95,69.54,2.0,0.0,1.31,0.6,1,0,0,0,3096.45,4
2018-08-11,PRJ-SYNTH-0078,Roads & Highways,Karnataka,1360.96,5,74,40.58,2.8,0.0,1.05,0.2,0,2,0,0,1360.96,0
2018-08-24,PRJ-SYNTH-0065,Ports & Shipping,West Bengal,3912.37,5,92,93.11,2.0,0.0,1.19,0.25,0,2,0,0,4491.05,7
2018-09-11,PRJ-SYNTH-0104,Petroleum & Natural Gas,Bihar,843.73,5,63,23.12,2.0,0.0,1.37,0.2,1,1,1,0,1219.68,0
2018-10-10,PRJ-SYNTH-0196,Roads & Highways,Odisha,2607.25,3,63,57.31,2.2,0.0,1.0,0.25,0,1,0,0,2849.22,4
2018-10-29,PRJ-SYNTH-0239,Railways,Assam,964.2,6,86,26.61,2.0,0.0,1.38,0.6,0,1,0,0,1201.29,4
2018-11-03,PRJ-SYNTH-0106,Ports & Shipping,Assam,2654.07,9,95,71.66,2.0,0.5,1.35,0.6,0,1,0,0,3145.61,2
2018-11-05,PRJ-SYNTH-0236,Roads & Highways,Uttarakhand,3301.8,8,82,116.88,2.0,0.7,1.77,0.75,2,3,1,0,4847.7,0
2018-11-14,PRJ-SYNTH-0224,Roads & Highways,Madhya Pradesh,390.69,9,69,9.69,2.0,2.7,1.24,0.2,0,1,0,0,428.6,3
2018-11-16,PRJ-SYNTH-0158,Railways,Odisha,2835.98,3,61,82.81,2.0,0.0,1.46,0.25,0,1,0,0,3323.23,0
2018-11-24,PRJ-SYNTH-0015,Railways,West Bengal,351.19,3,59,9.69,2.0,0.0,1.38,0.25,0,0,0,0,404.06,4
2018-12-14,PRJ-SYNTH-0036,Power,Tamil Nadu,566.91,8,94,11.68,2.0,0.0,1.03,0.15,1,0,0,0,672.36,4
2019-01-01,PRJ-SYNTH-0045,Ports & Shipping,Himachal Pradesh,443.81,8,96,11.36,2.0,0.0,1.28,0.7,3,1,1,1,584.75,9
2019-01-10,PRJ-SYNTH-0091,Ports & Shipping,Andhra Pradesh,1982.72,9,46,254.89,10.5,0.0,1.23,0.2,0,0,0,0,2247.04,4
2019-01-27,PRJ-SYNTH-0031,Petroleum & Natural Gas,Uttarakhand,1020.84,3,89,26.95,2.0,0.0,1.32,0.75,2,2,1,0,1322.23,2
2019-01-29,PRJ-SYNTH-0052,Petroleum & Natural Gas,Andhra Pradesh,1254.1,8,90,23.58,2.0,0.2,0.94,0.2,0,1,0,0,1254.1,3
2019-02-05,PRJ-SYNTH-0143,Roads & Highways,Uttarakhand,392.64,11,89,11.07,2.0,2.2,1.41,0.75,2,1,0,0,470.77,1
2019-02-07,PRJ-SYNTH-0128,Ports & Shipping,Assam,1055.76,6,94,23.44,2.0,0.0,1.11,0.6,0,2,0,1,1068.3,17
2019-02-07,PRJ-SYNTH-0070,Roads & Highways,Gujarat,979.59,9,81,116.91,9.5,0.0,1.25,0.15,0,1,0,0,1142.81,0
2019-02-13,PRJ-SYNTH-0060,Petroleum & Natural Gas,Arunachal Pradesh,4567.71,10,42,121.5,2.0,12.3,1.33,0.85,0,2,0,1,4901.62,29
2019-02-21,PRJ-SYNTH-0224,Roads & Highways,Madhya Pradesh,390.69,12,69,9.69,2.0,6.0,1.24,0.2,0,1,0,0,417.94,2
2019-02-25,PRJ-SYNTH-0068,Petroleum & Natural Gas,Sikkim,4690.79,10,50,148.23,2.0,8.4,1.58,0.8,2,0,1,0,6581.78,8
2019-03-04,PRJ-SYNTH-0041,Railways,Gujarat,3646.57,12,92,71.47,2.0,2.7,0.98,0.15,0,0,0,0,3646.57,5
2019-03-14,PRJ-SYNTH-0086,Power,Jammu & Kashmir,1122.52,13,35,39.5,2.8,28.3,1.25,0.85,2,1,0,1,1200.72,37
2019-03-18,PRJ-SYNTH-0039,Railways,Uttar Pradesh,511.95,4,76,51.83,12.2,0.0,0.83,0.15,0,1,0,0,511.95,0
2019-03-25,PRJ-SYNTH-0120,Roads & Highways,Madhya Pradesh,3693.52,13,48,870.16,16.5,1.5,1.43,0.2,0,0,0,0,4590.18,0
2019-03-30,PRJ-SYNTH-0224,Roads & Highways,Madhya Pradesh,390.69,13,69,8.2,2.0,7.3,1.05,0.2,1,1,0,1,425.88,26
2019-04-14,PRJ-SYNTH-0112,Power,Jammu & Kashmir,1763.07,5,81,55.71,2.0,0.0,1.58,0.85,2,3,0,0,2076.02,2
2019-04-21,PRJ-SYNTH-0225,Railways,Jammu & Kashmir,1154.78,7,58,27.25,2.0,2.0,1.18,0.85,0,1,0,0,1154.78,7
2019-04-26,PRJ-SYNTH-0011,Railways,Karnataka,1164.16,6,88,26.31,2.0,0.0,1.13,0.2,1,0,1,0,1436.57,0
2019-04-30,PRJ-SYNTH-0129,Roads & Highways,Arunachal Pradesh,1987.57,8,90,56.05,2.0,0.2,1.41,0.85,1,1,0,0,2284.88,0
2019-05-06,PRJ-SYNTH-0232,Power,West Bengal,2220.83,13,92,80.0,4.3,1.1,0.84,0.25,0,0,0,0,2220.83,11
2019-05-07,PRJ-SYNTH-0165,Ports & Shipping,Sikkim,4515.21,7,85,123.72,2.0,0.0,1.37,0.8,0,0,1,0,6009.15,0
2019-05-11,PRJ-SYNTH-0194,Power,Arunachal Pradesh,553.66,6,84,14.51,2.0,0.0,1.31,0.85,4,2,1,1,713.88,15
2019-05-13,PRJ-SYNTH-0244,Petroleum & Natural Gas,Sikkim,4115.3,7,34,112.76,2.0,9.0,1.37,0.8,3,2,1,1,5193.29,33
2019-05-15,PRJ-SYNTH-0161,Petroleum & Natural Gas,Gujarat,716.27,16,73,144.48,18.3,0.0,1.1,0.15,0,1,0,0,781.32,0
2019-05-20,PRJ-SYNTH-0121,Roads & Highways,Maharashtra,3833.3,6,90,127.27,2.0,0.0,1.66,0.2,3,2,1,0,5152.69,4
2019-05-26,PRJ-SYNTH-0167,Roads & Highways,Arunachal Pradesh,3947.97,7,89,102.65,2.0,0.0,1.3,0.85,1,1,0,0,4534.86,0
2019-05-31,PRJ-SYNTH-0102,Power,Karnataka,1212.44,13,95,27.89,2.0,3.1,1.15,0.2,2,1,0,0,1323.28,4
2019-06-09,PRJ-SYNTH-0191,Petroleum & Natural Gas,Andhra Pradesh,1183.0,11,68,44.33,4.0,3.0,0.93,0.2,0,0,0,0,1191.31,0
2019-06-11,PRJ-SYNTH-0161,Petroleum & Natural Gas,Gujarat,716.27,16,73,123.13,10.7,1.6,1.61,0.15,1,2,0,0,885.35,9
2019-06-13,PRJ-SYNTH-0045,Ports & Shipping,Himachal Pradesh,443.81,13,96,15.18,2.0,3.0,1.71,0.7,1,3,1,0,622.29,0
2019-06-28,PRJ-SYNTH-0120,Roads & Highways,Madhya Pradesh,3693.52,16,48,1170.34,33.4,0.0,0.95,0.2,0,0,0,0,3693.52,4
2019-07-07,PRJ-SYNTH-0190,Petroleum & Natural Gas,Gujarat,428.76,7,36,27.51,6.9,3.0,0.93,0.15,0,1,0,0,428.76,0
2019-07-13,PRJ-SYNTH-0185,Railways,Maharashtra,1462.22,9,67,24.57,2.0,2.9,0.84,0.2,0,1,0,1,1533.25,17
2019-07-19,PRJ-SYNTH-0053,Ports & Shipping,Sikkim,950.44,12,54,32.7,2.0,10.6,1.72,0.8,4,0,1,1,1419.44,26
2019-07-25,PRJ-SYNTH-0196,Roads & Highways,Odisha,2607.25,13,63,69.69,2.0,9.0,1.31,0.25,0,1,1,0,3716.11,18
2019-07-28,PRJ-SYNTH-0145,Roads & Highways,Jammu & Kashmir,2314.36,15,89,97.2,2.0,5.6,2.1,0.85,3,2,1,1,3663.36,15
2019-08-09,PRJ-SYNTH-0095,Roads & Highways,Bihar,1245.76,18,82,125.69,8.1,4.2,1.24,0.2,0,0,0,0,1245.76,0
2019-08-21,PRJ-SYNTH-0239,Railways,Assam,964.2,16,86,28.15,2.0,7.1,1.46,0.6,0,2,1,0,1373.84,5
2019-08-23,PRJ-SYNTH-0091,Ports & Shipping,Andhra Pradesh,1982.72,16,46,470.03,20.4,7.5,1.16,0.2,1,0,0,1,2032.64,26
2019-08-26,PRJ-SYNTH-0149,Ports & Shipping,Gujarat,2968.6,12,32,583.64,23.7,7.9,0.83,0.15,1,0,0,0,2968.6,6
2019-09-04,PRJ-SYNTH-0138,Petroleum & Natural Gas,Uttar Pradesh,1331.47,4,78,23.17,2.0,0.0,0.87,0.15,0,0,0,0,1418.32,0
2019-09-08,PRJ-SYNTH-0203,Roads & Highways,Madhya Pradesh,5058.87,10,64,117.37,2.0,4.6,1.16,0.2,0,2,0,0,5129.69,3
2019-09-16,PRJ-SYNTH-0127,Roads & Highways,Arunachal Pradesh,705.56,9,89,22.72,2.0,0.9,1.61,0.85,3,1,1,0,1039.09,0
2019-09-19,PRJ-SYNTH-0209,Railways,Karnataka,2949.22,5,41,48.96,2.0,2.1,0.83,0.2,0,2,0,0,2949.22,4
2019-09-25,PRJ-SYNTH-0233,Petroleum & Natural Gas,Arunachal Pradesh,1888.04,15,91,50.22,2.0,5.3,1.33,0.85,0,0,0,1,2128.37,20
2019-10-01,PRJ-SYNTH-0036,Power,Tamil Nadu,566.91,17,94,35.95,5.8,2.8,1.09,0.15,0,1,0,0,570.31,7
2019-10-22,PRJ-SYNTH-0078,Roads & Highways,Karnataka,1360.96,19,74,141.65,7.1,9.3,1.47,0.2,2,2,0,0,1559.87,13
2019-10-30,PRJ-SYNTH-0165,Ports & Shipping,Sikkim,4515.21,12,85,122.81,2.0,3.4,1.36,0.8,2,0,1,0,6206.82,0
2019-10-31,PRJ-SYNTH-0056,Railways,Tamil Nadu,4379.62,10,81,103.36,2.0,2.2,1.18,0.15,1,1,0,0,5017.35,3
2019-11-01,PRJ-SYNTH-0019,Petroleum & Natural Gas,Bihar,763.09,11,61,82.03,9.3,0.0,1.16,0.2,0,2,0,0,772.8,0
2019-11-07,PRJ-SYNTH-0010,Railways,Uttarakhand,3027.32,10,75,112.62,2.0,2.9,1.86,0.75,2,0,1,1,4526.79,25
2019-11-09,PRJ-SYNTH-0249,Ports & Shipping,Himachal Pradesh,9673.85,5,48,309.56,2.0,1.0,1.6,0.7,1,1,0,1,12322.57,7
2019-11-09,PRJ-SYNTH-0073,Roads & Highways,Karnataka,1747.54,14,70,70.31,3.2,7.2,1.26,0.2,0,1,0,0,1841.07,13
2019-11-11,PRJ-SYNTH-0221,Ports & Shipping,Sikkim,16300.09,8,36,358.6,2.0,10.6,1.1,0.8,1,0,0,0,17593.86,11
2019-11-14,PRJ-SYNTH-0106,Ports & Shipping,Assam,2654.07,21,95,86.52,2.0,10.5,1.63,0.6,4,1,1,1,3811.36,29
2019-12-04,PRJ-SYNTH-0111,Power,Tamil Nadu,292.12,17,94,8.65,2.0,6.6,1.48,0.15,1,1,0,0,360.45,3
2019-12-04,PRJ-SYNTH-0203,Roads & Highways,Madhya Pradesh,5058.87,13,64,608.51,11.0,0.0,1.09,0.2,0,1,0,0,5058.87,3
2019-12-12,PRJ-SYNTH-0126,Railways,Arunachal Pradesh,14485.93,15,61,283.92,2.0,13.2,0.98,0.85,2,0,0,1,15233.11,32
2019-12-17,PRJ-SYNTH-0249,Ports & Shipping,Himachal Pradesh,9673.85,7,48,236.04,2.0,3.8,1.22,0.7,3,1,1,1,11696.09,19
2019-12-18,PRJ-SYNTH-0052,Petroleum & Natural Gas,Andhra Pradesh,1254.1,19,90,105.54,6.7,4.8,1.26,0.2,0,1,0,0,1434.67,8
2019-12-22,PRJ-SYNTH-0058,Roads & Highways,Arunachal Pradesh,1347.83,17,84,40.43,2.0,8.6,1.5,0.85,1,0,1,0,1961.16,12
2019-12-23,PRJ-SYNTH-0070,Roads & Highways,Gujarat,979.59,19,81,48.93,4.2,9.7,1.18,0.15,0,2,0,0,1126.11,8
2020-01-04,PRJ-SYNTH-0224,Roads & Highways,Madhya Pradesh,390.69,23,69,62.11,15.3,10.6,1.04,0.2,0,0,0,0,447.63,16
2020-01-05,PRJ-SYNTH-0045,Ports & Shipping,Himachal Pradesh,443.81,20,96,14.29,2.0,9.2,1.61,0.7,2,2,1,1,615.68,24
2020-01-06,PRJ-SYNTH-0107,Petroleum & Natural Gas,Uttarakhand,10849.53,7,54,340.68,2.0,2.6,1.57,0.75,0,0,0,0,12660.5,0
2020-01-08,PRJ-SYNTH-0057,Roads & Highways,Tamil Nadu,814.64,11,54,17.27,2.0,8.8,1.06,0.15,1,3,0,0,890.96,10
2020-01-16,PRJ-SYNTH-0021,Power,Madhya Pradesh,7276.22,9,37,471.37,9.7,5.2,0.67,0.2,0,0,0,0,7276.22,5
2020-01-18,PRJ-SYNTH-0115,Power,Uttar Pradesh,1506.07,10,66,43.68,2.0,4.2,1.45,0.15,1,1,0,0,1724.53,10
2020-01-25,PRJ-SYNTH-0019,Petroleum & Natural Gas,Bihar,763.09,13,61,54.2,8.4,3.3,0.85,0.2,0,1,0,0,763.09,4
2020-01-29,PRJ-SYNTH-0247,Power,Bihar,1151.48,18,33,759.58,59.4,0.0,1.11,0.2,0,1,0,0,1165.2,0
2020-01-30,PRJ-SYNTH-0094,Petroleum & Natural Gas,Jammu & Kashmir,1324.41,9,49,31.26,2.0,6.9,1.18,0.85,1,2,0,1,1396.95,25
2020-02-14,PRJ-SYNTH-0220,Roads & Highways,Maharashtra,1954.29,22,96,244.26,16.9,0.0,0.74,0.2,0,1,0,0,1954.29,0
2020-02-22,PRJ-SYNTH-0234,Petroleum & Natural Gas,Assam,973.58,10,78,31.54,2.0,2.5,1.62,0.6,2,1,1,0,1407.69,0
2020-02-24,PRJ-SYNTH-0222,Petroleum & Natural Gas,Karnataka,306.77,6,46,16.88,6.3,0.0,0.88,0.2,0,1,0,0,306.77,3
2020-02-27,PRJ-SYNTH-0062,Ports & Shipping,Jammu & Kashmir,1515.69,22,91,50.93,2.0,12.7,1.68,0.85,2,2,1,1,2118.54,25
2020-02-29,PRJ-SYNTH-0237,Ports & Shipping,Assam,264.04,12,78,8.08,2.0,4.4,1.53,0.6,1,1,0,0,307.6,0
2020-03-02,PRJ-SYNTH-0213,Ports & Shipping,Gujarat,4475.18,12,74,101.14,2.0,5.0,1.13,0.15,1,1,1,0,5094.22,3
2020-03-07,PRJ-SYNTH-0009,Power,Odisha,1157.48,19,43,545.47,29.5,11.8,1.6,0.25,2,2,1,1,1575.97,27
2020-03-07,PRJ-SYNTH-0111,Power,Tamil Nadu,292.12,20,94,45.01,9.7,2.0,1.59,0.15,1,0,0,0,367.3,1
2020-03-19,PRJ-SYNTH-0152,Petroleum & Natural Gas,Uttar Pradesh,2512.73,10,49,243.32,8.1,2.7,1.19,0.15,0,0,0,0,2926.08,0
2020-03-22,PRJ-SYNTH-0218,Ports & Shipping,Tamil Nadu,1443.78,19,95,108.41,5.0,5.4,1.51,0.15,0,0,0,0,1746.81,8
2020-03-24,PRJ-SYNTH-0121,Roads & Highways,Maharashtra,3833.3,16,90,340.18,7.0,1.4,1.27,0.2,1,2,0,0,4444.49,4
2020-03-30,PRJ-SYNTH-0210,Power,Uttar Pradesh,70269.63,3,35,1391.34,2.0,0.1,0.99,0.15,0,1,0,0,70269.63,4
2020-04-02,PRJ-SYNTH-0166,Roads & Highways,Assam,2676.17,8,41,81.36,2.0,7.9,1.52,0.6,0,1,0,0,3302.73,7
2020-04-03,PRJ-SYNTH-0136,Power,Jammu & Kashmir,7882.79,20,89,204.95,2.0,10.9,1.3,0.85,0,1,0,1,8645.16,29
2020-04-05,PRJ-SYNTH-0036,Power,Tamil Nadu,566.91,23,94,85.04,13.5,1.5,1.11,0.15,0,0,0,0,650.24,5
2020-04-07,PRJ-SYNTH-0187,Ports & Shipping,Sikkim,2834.37,15,86,101.47,2.0,6.1,1.79,0.8,1,1,1,1,4071.61,26
2020-04-09,PRJ-SYNTH-0107,Petroleum & Natural Gas,Uttarakhand,10849.53,10,54,251.71,2.0,7.0,1.16,0.75,1,1,0,0,11403.39,6
2020-04-13,PRJ-SYNTH-0103,Railways,Assam,1305.6,9,44,36.03,2.0,8.8,1.38,0.6,2,2,1,1,1627.6,29
2020-04-14,PRJ-SYNTH-0078,Roads & Highways,Karnataka,1360.96,25,74,306.16,25.3,1.2,0.89,0.2,0,1,0,0,1453.39,1
2020-04-14,PRJ-SYNTH-0250,Petroleum & Natural Gas,Jammu & Kashmir,2656.41,15,53,74.91,2.0,17.5,1.41,0.85,3,1,1,1,3518.83,36
2020-04-22,PRJ-SYNTH-0166,Roads & Highways,Assam,2676.17,8,41,74.93,2.0,7.9,1.4,0.6,0,0,1,1,3346.35,20
2020-04-24,PRJ-SYNTH-0080,Petroleum & Natural Gas,Arunachal Pradesh,273.64,27,68,23.5,6.2,28.6,1.38,0.85,3,0,1,1,359.64,43
2020-04-29,PRJ-SYNTH-0038,Petroleum & Natural Gas,Uttar Pradesh,280.99,11,71,16.25,7.1,0.0,0.82,0.15,0,1,0,0,281.29,4
2020-05-01,PRJ-SYNTH-0061,Railways,Uttar Pradesh,1146.86,16,60,204.98,15.8,1.7,1.13,0.15,0,0,0,0,1322.23,8
2020-05-06,PRJ-SYNTH-0091,Ports & Shipping,Andhra Pradesh,1982.72,25,46,1196.69,47.2,9.3,1.28,0.2,2,1,0,0,2336.94,2
2020-05-07,PRJ-SYNTH-0213,Ports & Shipping,Gujarat,4475.18,14,74,492.61,7.4,2.0,1.48,0.15,0,1,0,0,5143.63,5
2020-05-07,PRJ-SYNTH-0142,Ports & Shipping,Uttar Pradesh,6259.06,5,73,145.21,2.0,0.0,1.16,0.15,0,2,0,0,7105.71,5
2020-05-14,PRJ-SYNTH-0243,Power,Gujarat,2921.17,17,78,474.02,13.9,0.0,1.17,0.15,0,0,0,0,3217.86,0
2020-05-18,PRJ-SYNTH-0091,Ports & Shipping,Andhra Pradesh,1982.72,25,46,1838.88,58.7,0.0,1.58,0.2,0,0,1,0,2576.83,0
2020-05-24,PRJ-SYNTH-0245,Power,Madhya Pradesh,578.08,22,59,174.56,31.8,0.0,0.95,0.2,0,0,0,0,578.08,2
2020-05-29,PRJ-SYNTH-0222,Petroleum & Natural Gas,Karnataka,306.77,9,46,28.11,9.9,0.1,0.93,0.2,0,0,0,0,306.77,0
2020-06-02,PRJ-SYNTH-0065,Ports & Shipping,West Bengal,3912.37,26,92,670.42,22.8,0.0,0.75,0.25,0,1,0,0,3963.45,4
2020-06-06,PRJ-SYNTH-0031,Petroleum & Natural Gas,Uttarakhand,1020.84,20,89,30.22,2.0,10.9,1.48,0.75,1,1,1,0,1440.78,6
2020-06-09,PRJ-SYNTH-0099,Power,Arunachal Pradesh,1816.85,13,69,51.2,3.2,6.1,0.89,0.85,0,2,0,1,1816.85,17
2020-06-18,PRJ-SYNTH-0016,Power,Uttarakhand,1059.79,18,88,26.71,2.0,8.8,1.26,0.75,1,0,0,1,1059.79,26
2020-06-20,PRJ-SYNTH-0215,Power,Bihar,1340.09,12,82,207.25,12.5,0.0,1.24,0.2,0,0,0,0,1459.42,7
2020-06-21,PRJ-SYNTH-0175,Roads & Highways,West Bengal,2351.61,21,81,472.53,13.6,3.1,1.48,0.25,0,2,0,0,2772.2,3
2020-06-22,PRJ-SYNTH-0166,Roads & Highways,Assam,2676.17,10,41,72.79,2.0,12.9,1.36,0.6,3,1,1,1,3327.3,33
2020-06-26,PRJ-SYNTH-0017,Roads & Highways,Himachal Pradesh,690.77,17,77,25.14,2.0,10.5,1.82,0.7,2,1,1,1,1023.42,25
2020-06-27,PRJ-SYNTH-0215,Power,Bihar,1340.09,13,82,40.17,2.8,3.9,1.06,0.2,0,2,0,1,1533.33,20
2020-06-27,PRJ-SYNTH-0225,Railways,Jammu & Kashmir,1154.78,22,58,120.39,5.7,26.5,1.84,0.85,1,1,1,1,1633.33,39
2020-06-28,PRJ-SYNTH-0051,Power,Madhya Pradesh,2459.91,26,92,298.74,8.7,10.7,1.4,0.2,2,0,1,1,3162.52,33
2020-07-01,PRJ-SYNTH-0196,Roads & Highways,Odisha,2607.25,24,63,688.05,23.1,9.4,1.14,0.25,0,0,1,0,3115.14,9
2020-07-10,PRJ-SYNTH-0123,Ports & Shipping,Odisha,6854.46,23,93,401.61,4.4,10.9,1.33,0.25,1,0,1,1,8717.91,30
2020-07-11,PRJ-SYNTH-0238,Ports & Shipping,Andhra Pradesh,2158.42,13,34,544.87,22.3,10.4,1.13,0.2,1,1,0,1,2192.35,27
2020-07-11,PRJ-SYNTH-0082,Railways,Tamil Nadu,2538.32,12,49,251.97,10.3,4.8,0.96,0.15,0,1,0,0,2538.32,5
2020-07-12,PRJ-SYNTH-0212,Petroleum & Natural Gas,Bihar,5317.65,13,85,526.04,8.0,0.0,1.23,0.2,0,0,0,0,5637.76,0
2020-07-19,PRJ-SYNTH-0177,Ports & Shipping,Himachal Pradesh,1830.51,18,72,212.33,8.5,7.1,1.37,0.7,1,1,0,1,2005.94,24
2020-07-26,PRJ-SYNTH-0129,Roads & Highways,Arunachal Pradesh,1987.57,23,90,42.93,2.0,14.3,1.08,0.85,1,2,0,1,2143.87,31
2020-07-26,PRJ-SYNTH-0019,Petroleum & Natural Gas,Bihar,763.09,19,61,173.16,18.4,4.7,1.23,0.2,0,0,0,0,856.67,4
2020-07-31,PRJ-SYNTH-0142,Ports & Shipping,Uttar Pradesh,6259.06,8,73,360.76,4.8,0.0,1.2,0.15,0,1,0,0,6940.42,2
2020-08-04,PRJ-SYNTH-0218,Ports & Shipping,Tamil Nadu,1443.78,24,95,188.01,13.3,2.6,0.98,0.15,0,1,0,0,1443.78,0
2020-08-04,PRJ-SYNTH-0201,Railways,Arunachal Pradesh,2539.95,13,59,231.8,6.3,6.1,1.44,0.85,0,2,0,1,2861.39,27
2020-08-07,PRJ-SYNTH-0203,Roads & Highways,Madhya Pradesh,5058.87,21,64,1257.13,16.5,8.7,1.51,0.2,0,1,1,0,6784.95,4
2020-08-11,PRJ-SYNTH-0242,Power,Karnataka,1621.33,9,80,36.97,2.0,1.5,1.14,0.2,0,1,0,0,1716.31,5
2020-08-18,PRJ-SYNTH-0232,Power,West Bengal,2220.83,29,92,767.08,30.0,0.0,1.15,0.25,1,0,0,0,2220.83,2
2020-08-19,PRJ-SYNTH-0182,Railways,West Bengal,800.87,11,54,88.16,10.0,0.8,1.1,0.25,0,1,0,0,825.0,10
2020-08-20,PRJ-SYNTH-0107,Petroleum & Natural Gas,Uttarakhand,10849.53,14,54,353.69,2.0,14.7,1.63,0.75,3,1,1,0,15989.34,14
2020-08-24,PRJ-SYNTH-0026,Petroleum & Natural Gas,Karnataka,2008.97,18,84,238.09,17.7,0.0,0.67,0.2,0,1,0,1,2008.97,16
2020-08-27,PRJ-SYNTH-0017,Roads & Highways,Himachal Pradesh,690.77,19,77,47.13,4.3,11.0,1.57,0.7,1,2,1,1,993.1,24
2020-08-27,PRJ-SYNTH-0096,Power,Bihar,450.19,23,82,13.24,2.0,17.2,1.47,0.2,2,1,0,1,522.07,36
2020-08-31,PRJ-SYNTH-0065,Ports & Shipping,West Bengal,3912.37,29,92,771.59,25.0,0.0,0.79,0.25,0,1,0,0,3912.37,1
2020-09-02,PRJ-SYNTH-0078,Roads & Highways,Karnataka,1360.96,29,74,606.06,29.5,4.5,1.51,0.2,0,0,0,0,1554.35,7
2020-09-02,PRJ-SYNTH-0194,Power,Arunachal Pradesh,553.66,21,84,21.3,2.5,13.1,1.52,0.85,0,0,0,1,709.04,19
2020-09-06,PRJ-SYNTH-0203,Roads & Highways,Madhya Pradesh,5058.87,22,64,1589.5,22.0,5.3,1.43,0.2,0,1,1,0,7508.81,4
2020-09-07,PRJ-SYNTH-0016,Power,Uttarakhand,1059.79,21,88,21.83,2.0,12.4,1.03,0.75,1,1,0,1,1133.59,30
2020-09-11,PRJ-SYNTH-0166,Roads & Highways,Assam,2676.17,13,41,327.45,17.7,6.1,0.69,0.6,0,0,0,1,2676.17,27
2020-09-12,PRJ-SYNTH-0062,Ports & Shipping,Jammu & Kashmir,1515.69,28,91,40.92,2.0,20.6,1.35,0.85,0,2,1,0,2008.97,11
2020-09-16,PRJ-SYNTH-0118,Roads & Highways,Sikkim,595.71,13,40,43.1,4.5,20.3,1.62,0.8,2,2,1,1,839.6,29
2020-09-16,PRJ-SYNTH-0116,Petroleum & Natural Gas,Jammu & Kashmir,2407.8,16,71,63.57,2.0,10.9,1.32,0.85,1,2,1,0,3201.42,11
2020-09-19,PRJ-SYNTH-0194,Power,Arunachal Pradesh,553.66,22,84,54.12,6.8,10.2,1.43,0.85,0,1,0,1,611.67,27
2020-09-24,PRJ-SYNTH-0190,Petroleum & Natural Gas,Gujarat,428.76,22,36,248.96,57.5,8.9,1.01,0.15,0,0,0,0,428.76,14
2020-09-25,PRJ-SYNTH-0147,Ports & Shipping,Odisha,558.3,21,71,30.97,5.0,16.1,1.1,0.25,0,0,0,0,592.65,22
2020-09-26,PRJ-SYNTH-0133,Power,Assam,659.06,23,40,475.3,51.9,9.3,1.39,0.6,2,0,1,1,880.99,27
2020-10-05,PRJ-SYNTH-0111,Power,Tamil Nadu,292.12,27,94,25.35,8.4,11.6,1.03,0.15,0,1,0,0,318.67,7
2020-10-07,PRJ-SYNTH-0183,Power,Madhya Pradesh,653.7,12,52,103.3,10.4,3.1,1.52,0.2,0,0,0,1,787.3,25
2020-10-10,PRJ-SYNTH-0009,Power,Odisha,1157.48,27,43,850.18,63.9,4.9,1.15,0.25,0,1,0,1,1209.95,24
2020-10-12,PRJ-SYNTH-0200,Roads & Highways,Maharashtra,610.44,14,66,38.57,6.9,4.7,0.91,0.2,0,0,0,1,641.78,15
2020-10-12,PRJ-SYNTH-0013,Petroleum & Natural Gas,West Bengal,2275.29,13,76,76.45,2.0,5.8,1.68,0.25,2,2,1,0,3425.33,5
2020-10-13,PRJ-SYNTH-0213,Ports & Shipping,Gujarat,4475.18,19,74,502.02,24.4,0.0,0.46,0.15,0,3,0,0,4475.18,7
2020-10-24,PRJ-SYNTH-0045,Ports & Shipping,Himachal Pradesh,443.81,30,96,63.49,11.0,12.2,1.3,0.7,0,1,0,1,490.99,23
2020-10-28,PRJ-SYNTH-0174,Ports & Shipping,Sikkim,2500.12,21,32,2165.72,61.0,11.7,1.42,0.8,0,2,0,1,2811.99,29
2020-10-29,PRJ-SYNTH-0076,Railways,Gujarat,3947.38,23,88,672.2,16.5,0.4,1.03,0.15,0,1,0,0,4219.21,5
2020-11-06,PRJ-SYNTH-0094,Petroleum & Natural Gas,Jammu & Kashmir,1324.41,18,49,120.94,6.9,23.7,1.33,0.85,3,1,1,1,1649.75,40
2020-11-09,PRJ-SYNTH-0062,Ports & Shipping,Jammu & Kashmir,1515.69,30,91,322.82,15.3,10.1,1.39,0.85,1,1,1,0,2182.84,10
2020-11-09,PRJ-SYNTH-0182,Railways,West Bengal,800.87,14,54,112.85,16.2,0.5,0.87,0.25,0,0,0,0,800.87,5
2020-11-13,PRJ-SYNTH-0063,Railways,Uttarakhand,632.06,8,51,21.62,2.0,4.6,1.71,0.75,3,1,1,1,851.31,20
2020-11-14,PRJ-SYNTH-0222,Petroleum & Natural Gas,Karnataka,306.77,15,46,101.67,23.7,1.3,1.4,0.2,0,1,1,0,390.47,0
2020-11-15,PRJ-SYNTH-0056,Railways,Tamil Nadu,4379.62,23,81,145.64,2.5,17.1,1.34,0.15,1,2,0,1,4849.2,34
2020-11-20,PRJ-SYNTH-0165,Ports & Shipping,Sikkim,4515.21,25,85,293.61,5.9,15.0,1.11,0.8,0,1,1,1,4741.06,30
2020-11-20,PRJ-SYNTH-0183,Power,Madhya Pradesh,653.7,14,52,122.87,13.3,4.5,1.41,0.2,0,1,0,0,783.34,10
2020-11-20,PRJ-SYNTH-0105,Petroleum & Natural Gas,Tamil Nadu,1551.19,23,85,87.4,4.1,13.9,1.39,0.15,0,1,1,1,2091.79,30
2020-12-08,PRJ-SYNTH-0091,Ports & Shipping,Andhra Pradesh,1982.72,32,46,1259.08,79.4,0.0,0.8,0.2,0,0,0,0,1982.72,4
2020-12-08,PRJ-SYNTH-0024,Ports & Shipping,Sikkim,467.07,32,88,92.6,13.4,16.7,1.48,0.8,0,1,1,1,687.14,31
2020-12-10,PRJ-SYNTH-0023,Roads & Highways,Gujarat,1927.83,28,70,733.98,39.3,0.0,0.97,0.15,0,1,0,0,1947.02,1
2020-12-11,PRJ-SYNTH-0217,Power,Gujarat,867.67,13,62,46.27,4.4,6.9,1.2,0.15,0,0,0,0,970.15,12
2020-12-13,PRJ-SYNTH-0135,Roads & Highways,Andhra Pradesh,754.87,7,38,16.51,2.0,6.9,1.07,0.2,1,1,0,0,754.87,12
2020-12-13,PRJ-SYNTH-0240,Railways,Arunachal Pradesh,4063.55,7,48,95.9,2.0,3.8,1.18,0.85,2,2,0,1,4846.26,21
2020-12-17,PRJ-SYNTH-0209,Railways,Karnataka,2949.22,20,41,1297.3,39.3,8.9,1.12,0.2,1,1,0,1,3256.15,25
2020-12-20,PRJ-SYNTH-0138,Petroleum & Natural Gas,Uttar Pradesh,1331.47,19,78,284.39,19.2,0.0,1.11,0.15,0,0,0,0,1331.47,4
2020-12-23,PRJ-SYNTH-0133,Power,Assam,659.06,26,40,574.21,60.9,10.9,1.43,0.6,1,2,1,0,874.34,12
2020-12-24,PRJ-SYNTH-0151,Railways,Maharashtra,2293.81,22,61,792.72,24.7,4.9,1.4,0.2,1,1,0,1,2608.53,26
2020-12-25,PRJ-SYNTH-0145,Roads & Highways,Jammu & Kashmir,2314.36,32,89,337.13,14.7,14.8,0.99,0.85,0,3,0,1,2423.06,27
2020-12-25,PRJ-SYNTH-0228,Ports & Shipping,Sikkim,649.46,5,61,15.85,2.0,0.0,1.22,0.8,0,2,0,0,680.46,0
2020-12-27,PRJ-SYNTH-0126,Railways,Arunachal Pradesh,14485.93,27,61,5949.04,22.3,19.1,1.84,0.85,3,3,1,1,21681.67,26
2020-12-27,PRJ-SYNTH-0031,Petroleum & Natural Gas,Uttarakhand,1020.84,27,89,135.25,10.2,11.8,1.3,0.75,1,1,1,0,1391.5,6
2020-12-29,PRJ-SYNTH-0044,Power,Odisha,1358.25,14,81,37.46,2.6,5.3,1.06,0.25,1,1,0,0,1460.44,0
2020-12-30,PRJ-SYNTH-0070,Roads & Highways,Gujarat,979.59,31,81,443.53,40.1,0.0,1.13,0.15,0,0,0,0,1080.05,5
2021-01-03,PRJ-SYNTH-0158,Railways,Odisha,2835.98,29,61,1668.79,46.3,0.0,1.27,0.25,0,1,0,0,3227.66,0
2021-01-13,PRJ-SYNTH-0166,Roads & Highways,Assam,2676.17,17,41,856.7,20.3,17.0,1.58,0.6,3,1,1,1,3619.48,29
2021-01-14,PRJ-SYNTH-0059,Ports & Shipping,Karnataka,2476.74,31,61,1087.01,50.4,0.8,0.87,0.2,0,1,0,0,2476.74,8
2021-01-14,PRJ-SYNTH-0118,Roads & Highways,Sikkim,595.71,17,40,154.65,25.2,13.6,1.03,0.8,1,2,0,1,595.71,28
2021-01-16,PRJ-SYNTH-0227,Petroleum & Natural Gas,West Bengal,1921.89,8,64,54.01,2.7,1.6,1.04,0.25,0,1,0,0,2014.6,6
2021-01-16,PRJ-SYNTH-0042,Roads & Highways,Andhra Pradesh,2127.71,27,90,382.1,13.0,8.6,1.38,0.2,0,1,0,0,2399.8,7
2021-01-17,PRJ-SYNTH-0094,Petroleum & Natural Gas,Jammu & Kashmir,1324.41,20,49,470.71,24.9,11.5,1.43,0.85,2,1,1,1,1811.28,26
2021-01-27,PRJ-SYNTH-0062,Ports & Shipping,Jammu & Kashmir,1515.69,33,91,156.04,6.0,23.9,1.71,0.85,2,1,1,1,2120.24,43
2021-01-31,PRJ-SYNTH-0174,Ports & Shipping,Sikkim,2500.12,24,32,2448.61,64.9,19.5,1.51,0.8,2,2,1,1,3642.84,37
2021-02-02,PRJ-SYNTH-0139,Power,Uttar Pradesh,3916.06,10,68,118.27,2.0,3.9,1.51,0.15,0,0,0,0,5347.2,3
2021-02-04,PRJ-SYNTH-0151,Railways,Maharashtra,2293.81,23,61,643.29,27.8,4.1,1.01,0.2,0,1,0,1,2508.37,15
2021-02-08,PRJ-SYNTH-0139,Power,Uttar Pradesh,3916.06,11,68,279.28,7.7,0.0,0.93,0.15,0,1,0,1,3916.06,13
2021-02-18,PRJ-SYNTH-0174,Ports & Shipping,Sikkim,2500.12,25,32,2863.22,69.4,18.3,1.65,0.8,2,0,1,1,3468.8,33
2021-02-20,PRJ-SYNTH-0008,Power,Jammu & Kashmir,3748.32,27,65,1258.25,30.0,7.4,1.12,0.85,0,1,0,0,4215.24,5
2021-02-25,PRJ-SYNTH-0078,Roads & Highways,Karnataka,1360.96,35,74,485.86,42.0,3.9,0.85,0.2,1,2,0,0,1360.96,5
2021-02-26,PRJ-SYNTH-0167,Roads & Highways,Arunachal Pradesh,3947.97,28,89,438.01,7.0,16.5,1.58,0.85,1,1,0,0,4603.47,21
2021-03-01,PRJ-SYNTH-0142,Ports & Shipping,Uttar Pradesh,6259.06,15,73,223.92,3.3,7.6,1.07,0.15,0,2,0,1,6259.06,27
2021-03-01,PRJ-SYNTH-0227,Petroleum & Natural Gas,West Bengal,1921.89,10,64,46.89,2.0,4.6,1.22,0.25,0,1,0,0,2139.03,4
2021-03-02,PRJ-SYNTH-0191,Petroleum & Natural Gas,Andhra Pradesh,1183.0,32,68,440.07,38.3,7.3,0.97,0.2,0,1,0,0,1300.53,14
2021-03-10,PRJ-SYNTH-0140,Petroleum & Natural Gas,Jammu & Kashmir,561.54,5,58,15.16,2.0,0.1,1.35,0.85,0,1,0,1,673.69,20
2021-03-12,PRJ-SYNTH-0217,Power,Gujarat,867.67,16,62,147.77,14.9,1.6,1.14,0.15,2,2,0,0,903.84,10
2021-03-13,PRJ-SYNTH-0145,Roads & Highways,Jammu & Kashmir,2314.36,35,89,61.56,2.0,32.2,1.33,0.85,5,1,1,1,3013.16,42
2021-03-18,PRJ-SYNTH-0102,Power,Karnataka,1212.44,35,95,261.92,21.0,9.7,1.03,0.2,1,1,0,0,1212.44,7
2021-03-25,PRJ-SYNTH-0208,Ports & Shipping,Maharashtra,2945.68,18,71,157.83,4.4,11.6,1.23,0.2,1,2,1,1,3591.74,24
2021-03-26,PRJ-SYNTH-0175,Roads & Highways,West Bengal,2351.61,30,81,699.67,33.1,0.0,0.9,0.25,0,1,0,0,2419.75,2
2021-03-26,PRJ-SYNTH-0105,Petroleum & Natural Gas,Tamil Nadu,1551.19,27,85,186.26,12.6,11.3,0.95,0.15,2,0,0,0,1565.28,9
2021-03-27,PRJ-SYNTH-0199,Petroleum & Natural Gas,Arunachal Pradesh,1910.84,33,90,299.93,10.5,20.0,1.49,0.85,2,1,1,1,2527.29,32
2021-03-27,PRJ-SYNTH-0213,Ports & Shipping,Gujarat,4475.18,25,74,1116.03,25.2,1.3,0.99,0.15,0,1,0,0,4475.18,0
2021-03-31,PRJ-SYNTH-0087,Roads & Highways,Assam,4314.05,28,63,1598.27,28.5,13.2,1.3,0.6,0,0,0,0,5016.34,18
2021-03-31,PRJ-SYNTH-0217,Power,Gujarat,867.67,17,62,112.54,10.2,8.2,1.27,0.15,0,0,0,0,909.55,3
2021-04-01,PRJ-SYNTH-0027,Roads & Highways,Himachal Pradesh,605.8,4,47,17.08,2.0,0.0,1.41,0.7,0,1,0,1,692.44,24
2021-04-06,PRJ-SYNTH-0239,Railways,Assam,964.2,35,86,278.76,23.9,12.3,1.21,0.6,0,2,0,1,1074.0,27
2021-04-06,PRJ-SYNTH-0138,Petroleum & Natural Gas,Uttar Pradesh,1331.47,23,78,321.42,20.3,0.7,1.19,0.15,0,2,0,1,1410.87,12
2021-04-07,PRJ-SYNTH-0217,Power,Gujarat,867.67,17,62,138.48,14.0,4.4,1.14,0.15,0,0,0,0,977.0,6
2021-04-07,PRJ-SYNTH-0062,Ports & Shipping,Jammu & Kashmir,1515.69,35,91,133.48,5.9,27.1,1.49,0.85,3,2,1,1,2137.35,31
2021-04-08,PRJ-SYNTH-0003,Petroleum & Natural Gas,Gujarat,3345.27,38,84,1698.67,42.0,0.9,1.21,0.15,0,2,0,0,3764.58,0
2021-04-09,PRJ-SYNTH-0142,Ports & Shipping,Uttar Pradesh,6259.06,16,73,517.08,7.2,5.1,1.15,0.15,0,1,0,0,6835.25,6
2021-04-12,PRJ-SYNTH-0071,Petroleum & Natural Gas,Madhya Pradesh,2548.67,28,35,2135.73,83.0,6.6,1.01,0.2,0,1,0,1,2672.66,17
2021-04-13,PRJ-SYNTH-0203,Roads & Highways,Madhya Pradesh,5058.87,29,64,2025.19,37.4,5.6,1.07,0.2,0,0,0,0,5670.42,4
2021-04-16,PRJ-SYNTH-0097,Roads & Highways,Karnataka,2395.42,13,43,504.43,23.4,0.0,0.9,0.2,0,0,0,0,2395.42,6
2021-04-17,PRJ-SYNTH-0071,Petroleum & Natural Gas,Madhya Pradesh,2548.67,28,35,2330.58,80.2,9.4,1.14,0.2,0,2,0,1,2983.62,26
2021-04-26,PRJ-SYNTH-0110,Petroleum & Natural Gas,Assam,1684.59,17,70,282.67,10.2,4.6,1.65,0.6,2,1,0,1,1959.16,20
2021-04-26,PRJ-SYNTH-0240,Railways,Arunachal Pradesh,4063.55,12,48,381.27,8.0,7.6,1.17,0.85,0,0,0,0,4258.21,9
2021-04-27,PRJ-SYNTH-0083,Petroleum & Natural Gas,West Bengal,7361.36,16,56,462.43,6.7,13.1,0.94,0.25,0,2,0,0,7361.36,15
2021-04-28,PRJ-SYNTH-0075,Ports & Shipping,West Bengal,150.09,8,70,2.7,2.0,1.6,0.9,0.25,0,1,0,0,150.09,4
2021-04-30,PRJ-SYNTH-0036,Power,Tamil Nadu,566.91,36,94,118.97,32.8,0.0,0.64,0.15,0,2,0,0,566.91,9
2021-05-01,PRJ-SYNTH-0146,Power,Maharashtra,3799.91,28,78,1030.96,21.5,7.9,1.26,0.2,1,0,0,0,4076.72,5
2021-05-02,PRJ-SYNTH-0077,Railways,Tamil Nadu,1963.91,5,57,67.71,2.6,0.0,1.31,0.15,0,0,0,0,2315.41,4
2021-05-04,PRJ-SYNTH-0035,Petroleum & Natural Gas,Karnataka,3949.79,5,52,307.83,6.2,0.0,1.26,0.2,1,0,0,0,4239.48,3
2021-05-07,PRJ-SYNTH-0133,Power,Assam,659.06,30,40,831.28,84.7,0.0,1.49,0.6,0,2,0,0,758.27,13
2021-05-12,PRJ-SYNTH-0129,Roads & Highways,Arunachal Pradesh,1987.57,32,90,403.52,20.9,8.0,0.97,0.85,0,1,0,1,1987.57,26
2021-05-13,PRJ-SYNTH-0185,Railways,Maharashtra,1462.22,31,67,551.38,30.9,13.5,1.22,0.2,1,0,0,1,1621.52,39
2021-05-19,PRJ-SYNTH-0102,Power,Karnataka,1212.44,37,95,376.47,26.5,7.2,1.17,0.2,0,0,0,1,1393.23,23
2021-05-25,PRJ-SYNTH-0208,Ports & Shipping,Maharashtra,2945.68,20,71,487.11,17.0,2.3,0.97,0.2,0,2,0,0,2945.68,6
2021-06-01,PRJ-SYNTH-0244,Petroleum & Natural Gas,Sikkim,4115.3,31,34,3975.76,84.7,13.1,1.14,0.8,1,0,0,1,4476.01,26
2021-06-05,PRJ-SYNTH-0246,Railways,Jammu & Kashmir,1315.83,11,42,119.61,5.3,11.7,1.7,0.85,1,0,1,0,1871.82,13
2021-06-06,PRJ-SYNTH-0088,Petroleum & Natural Gas,Arunachal Pradesh,2470.84,22,84,77.58,2.0,15.0,1.57,0.85,2,2,1,1,3518.09,27
2021-06-07,PRJ-SYNTH-0238,Ports & Shipping,Andhra Pradesh,2158.42,24,34,1490.61,79.4,0.0,0.87,0.2,0,1,0,0,2174.22,4
2021-06-11,PRJ-SYNTH-0120,Roads & Highways,Madhya Pradesh,3693.52,39,48,3436.11,80.9,9.9,1.15,0.2,1,1,0,0,4135.85,7
2021-06-14,PRJ-SYNTH-0208,Ports & Shipping,Maharashtra,2945.68,21,71,467.63,15.9,5.2,1.0,0.2,0,0,0,0,2961.37,7
2021-06-15,PRJ-SYNTH-0135,Roads & Highways,Andhra Pradesh,754.87,13,38,140.87,9.8,17.3,1.9,0.2,1,0,1,1,1165.95,35
2021-06-17,PRJ-SYNTH-0096,Power,Bihar,450.19,33,82,181.83,35.4,0.2,1.14,0.2,0,1,0,1,490.95,18
2021-06-23,PRJ-SYNTH-0196,Roads & Highways,Odisha,2607.25,36,63,1271.19,49.8,10.8,0.98,0.25,0,1,0,0,2607.25,8
2021-06-26,PRJ-SYNTH-0126,Railways,Arunachal Pradesh,14485.93,33,61,7190.01,34.7,21.4,1.43,0.85,1,1,1,1,19490.3,34
2021-06-27,PRJ-SYNTH-0234,Petroleum & Natural Gas,Assam,973.58,26,78,78.93,7.8,18.1,1.04,0.6,1,2,0,1,992.16,28
2021-06-27,PRJ-SYNTH-0231,Petroleum & Natural Gas,Assam,903.39,41,64,696.91,56.3,14.2,1.37,0.6,0,1,1,1,1198.13,25
2021-06-27,PRJ-SYNTH-0234,Petroleum & Natural Gas,Assam,973.58,26,78,221.24,13.1,12.8,1.73,0.6,0,1,0,1,1229.95,31
2021-06-30,PRJ-SYNTH-0030,Petroleum & Natural Gas,Jammu & Kashmir,1370.45,16,38,481.46,28.8,9.5,1.22,0.85,1,1,1,1,1704.08,26
2021-07-03,PRJ-SYNTH-0243,Power,Gujarat,2921.17,31,78,799.68,23.0,11.8,1.19,0.15,1,1,0,1,2921.17,30
2021-07-11,PRJ-SYNTH-0182,Railways,West Bengal,800.87,22,54,307.6,29.5,6.8,1.3,0.25,1,1,0,1,883.79,24
2021-07-13,PRJ-SYNTH-0173,Petroleum & Natural Gas,Sikkim,1680.34,10,60,49.4,2.0,5.4,1.47,0.8,2,1,0,1,1906.84,19
2021-07-14,PRJ-SYNTH-0095,Roads & Highways,Bihar,1245.76,41,82,710.38,53.8,0.0,1.06,0.2,0,1,0,0,1245.76,1
2021-07-17,PRJ-SYNTH-0227,Petroleum & Natural Gas,West Bengal,1921.89,14,64,58.25,4.5,7.8,0.68,0.25,0,0,0,1,1921.89,23
2021-07-20,PRJ-SYNTH-0012,Ports & Shipping,Tamil Nadu,1161.6,5,40,23.23,2.0,2.3,1.0,0.15,0,1,0,0,1346.23,7
2021-07-22,PRJ-SYNTH-0186,Railways,Sikkim,3562.79,4,31,87.64,2.0,2.6,1.23,0.8,1,2,1,0,4079.2,0
2021-07-23,PRJ-SYNTH-0012,Ports & Shipping,Tamil Nadu,1161.6,5,40,77.69,4.6,0.0,1.44,0.15,0,1,0,0,1284.41,1
2021-07-26,PRJ-SYNTH-0196,Roads & Highways,Odisha,2607.25,37,63,2093.26,63.7,0.0,1.26,0.25,1,1,0,0,2651.52,0
2021-07-28,PRJ-SYNTH-0179,Railways,Madhya Pradesh,1406.1,21,54,513.48,37.3,0.0,0.98,0.2,0,2,0,0,1456.79,3
2021-07-29,PRJ-SYNTH-0199,Petroleum & Natural Gas,Arunachal Pradesh,1910.84,38,90,420.16,14.2,24.2,1.55,0.85,4,0,1,1,2667.73,37
2021-08-01,PRJ-SYNTH-0088,Petroleum & Natural Gas,Arunachal Pradesh,2470.84,24,84,493.29,16.9,2.9,1.18,0.85,0,2,1,0,3100.64,5
2021-08-02,PRJ-SYNTH-0096,Power,Bihar,450.19,34,82,163.16,32.4,4.9,1.12,0.2,0,0,0,0,479.1,0
2021-08-05,PRJ-SYNTH-0082,Railways,Tamil Nadu,2538.32,24,49,671.69,47.3,1.2,0.56,0.15,0,1,0,0,2538.32,1
2021-08-05,PRJ-SYNTH-0172,Railways,Odisha,832.96,15,60,112.45,13.5,2.1,1.0,0.25,0,2,0,0,832.96,10
2021-08-06,PRJ-SYNTH-0124,Roads & Highways,Madhya Pradesh,477.35,28,30,380.85,96.1,2.6,0.83,0.2,0,1,0,1,477.35,15
2021-08-06,PRJ-SYNTH-0153,Ports & Shipping,Andhra Pradesh,947.64,5,44,86.67,7.1,0.0,1.29,0.2,0,0,0,0,1070.37,0
2021-08-07,PRJ-SYNTH-0211,Petroleum & Natural Gas,Sikkim,3109.9,33,86,597.48,15.2,17.7,1.26,0.8,0,1,0,1,3343.43,32
2021-08-09,PRJ-SYNTH-0102,Power,Karnataka,1212.44,39,95,556.26,37.9,0.0,1.21,0.2,1,2,0,1,1212.44,17
2021-08-16,PRJ-SYNTH-0044,Power,Odisha,1358.25,21,81,181.98,10.5,6.2,1.28,0.25,0,1,1,0,1786.85,8
2021-08-17,PRJ-SYNTH-0248,Railways,Assam,971.98,19,67,153.17,14.5,5.1,1.09,0.6,0,0,0,0,1050.1,3
2021-08-24,PRJ-SYNTH-0107,Petroleum & Natural Gas,Uttarakhand,10849.53,26,54,4271.53,33.9,13.3,1.16,0.75,0,2,1,0,13103.96,13
2021-09-02,PRJ-SYNTH-0183,Power,Madhya Pradesh,653.7,23,52,158.14,26.9,14.5,0.9,0.2,1,1,0,0,711.54,15
2021-09-02,PRJ-SYNTH-0081,Railways,West Bengal,1467.49,26,47,793.7,42.3,15.6,1.28,0.25,2,0,1,1,1886.84,30
2021-09-04,PRJ-SYNTH-0112,Power,Jammu & Kashmir,1763.07,34,81,409.51,23.7,14.4,0.98,0.85,1,1,0,1,1867.74,25
2021-09-06,PRJ-SYNTH-0003,Petroleum & Natural Gas,Gujarat,3345.27,43,84,2516.19,51.5,0.3,1.46,0.15,0,1,1,1,4687.3,10
2021-09-11,PRJ-SYNTH-0206,Ports & Shipping,West Bengal,741.79,10,64,16.9,2.1,4.5,1.08,0.25,0,1,0,0,774.08,3
2021-09-12,PRJ-SYNTH-0187,Ports & Shipping,Sikkim,2834.37,32,86,613.41,14.5,16.7,1.49,0.8,1,2,1,0,3870.32,18
2021-09-14,PRJ-SYNTH-0248,Railways,Assam,971.98,20,67,28.97,2.0,19.4,1.49,0.6,3,2,1,1,1329.67,33
2021-09-19,PRJ-SYNTH-0200,Roads & Highways,Maharashtra,610.44,25,66,241.27,28.4,3.8,1.39,0.2,0,1,1,0,880.96,5
2021-09-22,PRJ-SYNTH-0118,Roads & Highways,Sikkim,595.71,25,40,460.34,59.4,9.0,1.3,0.8,0,1,1,1,758.25,26
2021-09-23,PRJ-SYNTH-0147,Ports & Shipping,Odisha,558.3,33,71,261.74,37.5,7.2,1.25,0.25,0,2,0,1,585.59,28
2021-09-28,PRJ-SYNTH-0073,Roads & Highways,Karnataka,1747.54,36,70,1036.57,58.7,0.0,1.01,0.2,0,0,0,0,1747.54,0
2021-10-03,PRJ-SYNTH-0024,Ports & Shipping,Sikkim,467.07,42,88,235.93,35.3,11.3,1.43,0.8,1,2,1,1,605.09,25
2021-10-08,PRJ-SYNTH-0057,Roads & Highways,Tamil Nadu,814.64,32,54,543.5,65.4,0.0,1.02,0.15,0,1,0,0,917.32,2
2021-10-10,PRJ-SYNTH-0107,Petroleum & Natural Gas,Uttarakhand,10849.53,28,54,7418.36,46.2,6.6,1.48,0.75,0,2,0,0,12884.27,7
2021-10-11,PRJ-SYNTH-0235,Roads & Highways,Assam,13859.79,6,60,302.14,2.0,0.8,1.09,0.6,1,0,0,1,15097.53,11
2021-10-13,PRJ-SYNTH-0063,Railways,Uttarakhand,632.06,19,51,197.86,24.1,7.2,1.3,0.75,1,3,0,0,632.06,8
2021-10-14,PRJ-SYNTH-0032,Petroleum & Natural Gas,Karnataka,10505.61,30,31,11572.88,86.1,13.6,1.28,0.2,1,0,0,1,10741.03,31
2021-10-18,PRJ-SYNTH-0208,Ports & Shipping,Maharashtra,2945.68,25,71,1061.77,24.7,3.8,1.46,0.2,0,1,0,0,3608.49,7
2021-10-22,PRJ-SYNTH-0052,Petroleum & Natural Gas,Andhra Pradesh,1254.1,41,90,681.31,31.8,11.6,1.71,0.2,0,2,1,1,1988.07,29
2021-10-23,PRJ-SYNTH-0095,Roads & Highways,Bihar,1245.76,44,82,801.42,48.7,6.8,1.32,0.2,1,2,0,0,1317.85,8
2021-10-23,PRJ-SYNTH-0240,Railways,Arunachal Pradesh,4063.55,18,48,866.44,17.1,14.5,1.25,0.85,2,1,1,1,5477.68,30
2021-10-23,PRJ-SYNTH-0056,Railways,Tamil Nadu,4379.62,34,81,2287.47,31.7,6.4,1.65,0.15,1,1,1,1,6122.99,23
2021-10-24,PRJ-SYNTH-0037,Power,Andhra Pradesh,2204.86,9,50,217.16,10.7,0.0,0.92,0.2,0,1,0,0,2204.86,6
2021-10-28,PRJ-SYNTH-0120,Roads & Highways,Madhya Pradesh,3693.52,44,48,3273.71,93.3,4.7,0.95,0.2,1,0,0,1,3830.27,15
2021-10-28,PRJ-SYNTH-0095,Roads & Highways,Bihar,1245.76,45,82,974.24,60.2,0.0,1.3,0.2,0,0,0,0,1383.76,4
2021-10-29,PRJ-SYNTH-0114,Petroleum & Natural Gas,Bihar,18771.22,18,68,2251.57,12.1,5.2,0.99,0.2,0,0,0,0,18771.22,7
2021-10-29,PRJ-SYNTH-0196,Roads & Highways,Odisha,2607.25,40,63,2030.94,64.4,5.3,1.21,0.25,1,1,0,1,2955.49,20
2021-10-30,PRJ-SYNTH-0199,Petroleum & Natural Gas,Arunachal Pradesh,1910.84,41,90,635.11,22.0,21.4,1.51,0.85,3,1,1,1,2941.38,38
2021-10-31,PRJ-SYNTH-0083,Petroleum & Natural Gas,West Bengal,7361.36,22,56,2968.97,36.7,0.0,1.1,0.25,0,1,0,0,7361.36,0
2021-11-05,PRJ-SYNTH-0027,Roads & Highways,Himachal Pradesh,605.8,11,47,108.58,12.5,1.4,1.43,0.7,0,2,0,0,727.42,1
2021-11-05,PRJ-SYNTH-0135,Roads & Highways,Andhra Pradesh,754.87,18,38,445.86,40.5,5.6,1.46,0.2,0,1,0,0,863.27,2
2021-11-07,PRJ-SYNTH-0117,Ports & Shipping,Arunachal Pradesh,1749.39,11,57,43.03,2.0,7.7,1.23,0.85,1,2,0,0,1871.5,8
2021-11-14,PRJ-SYNTH-0184,Petroleum & Natural Gas,Uttar Pradesh,2859.35,28,46,1632.8,57.7,8.3,0.99,0.15,1,1,0,1,2925.29,22
2021-11-18,PRJ-SYNTH-0076,Railways,Gujarat,3947.38,36,88,1798.53,31.2,5.3,1.46,0.15,0,2,1,0,5286.54,0
2021-11-19,PRJ-SYNTH-0153,Ports & Shipping,Andhra Pradesh,947.64,8,44,29.0,2.0,6.7,1.53,0.2,0,1,0,0,1113.55,6
2021-11-23,PRJ-SYNTH-0172,Railways,Odisha,832.96,19,60,214.74,23.4,0.3,1.1,0.25,0,2,0,0,841.25,0
2021-11-23,PRJ-SYNTH-0183,Power,Madhya Pradesh,653.7,26,52,408.28,50.0,0.0,1.25,0.2,0,1,0,0,708.98,4
2021-11-24,PRJ-SYNTH-0014,Railways,Odisha,293.65,16,35,149.87,38.7,4.9,1.32,0.25,0,1,0,0,342.49,5
2021-11-28,PRJ-SYNTH-0144,Ports & Shipping,Uttar Pradesh,2154.69,35,33,2147.53,95.8,4.2,1.04,0.15,0,1,0,1,2260.42,13
2021-11-30,PRJ-SYNTH-0142,Ports & Shipping,Uttar Pradesh,6259.06,24,73,1261.06,17.7,7.6,1.14,0.15,0,1,1,0,7174.31,16
2021-12-02,PRJ-SYNTH-0146,Power,Maharashtra,3799.91,36,78,1880.11,33.4,10.8,1.48,0.2,1,1,0,1,4438.57,28
2021-12-03,PRJ-SYNTH-0031,Petroleum & Natural Gas,Uttarakhand,1020.84,38,89,343.72,27.8,11.3,1.21,0.75,1,1,0,1,1077.89,22
2021-12-04,PRJ-SYNTH-0005,Petroleum & Natural Gas,Uttar Pradesh,1447.44,3,55,35.32,2.0,0.0,1.22,0.15,0,1,0,0,1689.24,1
2021-12-06,PRJ-SYNTH-0235,Roads & Highways,Assam,13859.79,8,60,340.95,2.0,2.9,1.23,0.6,1,0,1,0,17570.46,4
2021-12-19,PRJ-SYNTH-0163,Ports & Shipping,Himachal Pradesh,5435.28,18,49,1604.27,19.5,11.1,1.51,0.7,1,2,1,1,7501.69,24
2021-12-21,PRJ-SYNTH-0030,Petroleum & Natural Gas,Jammu & Kashmir,1370.45,21,38,817.2,48.5,9.4,1.23,0.85,0,2,1,1,1720.73,20
2021-12-21,PRJ-SYNTH-0134,Roads & Highways,Andhra Pradesh,2835.33,24,79,425.35,16.5,5.6,0.91,0.2,0,1,0,0,2835.33,7
2021-12-25,PRJ-SYNTH-0009,Power,Odisha,1157.48,41,43,1172.18,83.7,15.7,1.21,0.25,0,0,1,1,1646.86,26
2021-12-28,PRJ-SYNTH-0140,Petroleum & Natural Gas,Jammu & Kashmir,561.54,15,58,23.47,2.0,14.6,2.09,0.85,2,0,1,0,862.05,13
2021-12-29,PRJ-SYNTH-0077,Railways,Tamil Nadu,1963.91,13,57,132.26,8.0,5.2,0.84,0.15,0,0,0,0,1963.91,1
2021-12-29,PRJ-SYNTH-0030,Petroleum & Natural Gas,Jammu & Kashmir,1370.45,22,38,1029.08,43.7,18.0,1.72,0.85,2,2,1,1,2017.78,38
2022-01-01,PRJ-SYNTH-0022,Power,Maharashtra,1459.01,39,81,700.07,51.0,0.0,0.94,0.2,0,0,0,1,1536.45,18
2022-01-02,PRJ-SYNTH-0102,Power,Karnataka,1212.44,44,95,546.85,31.8,12.7,1.42,0.2,1,2,1,0,1591.14,14
2022-01-03,PRJ-SYNTH-0247,Power,Bihar,1151.48,41,33,1162.76,99.0,1.0,1.02,0.2,0,0,0,1,1151.48,21
2022-01-06,PRJ-SYNTH-0062,Ports & Shipping,Jammu & Kashmir,1515.69,44,91,754.38,27.2,20.3,1.83,0.85,3,1,1,1,2198.03,34
2022-01-11,PRJ-SYNTH-0095,Roads & Highways,Bihar,1245.76,47,82,631.55,50.2,10.7,1.01,0.2,0,1,0,1,1326.88,26
2022-01-13,PRJ-SYNTH-0185,Railways,Maharashtra,1462.22,39,67,1170.1,58.4,3.8,1.37,0.2,0,2,0,0,1743.43,4
2022-01-14,PRJ-SYNTH-0177,Ports & Shipping,Himachal Pradesh,1830.51,36,72,944.31,35.6,14.4,1.45,0.7,1,1,1,1,2716.83,26
2022-01-18,PRJ-SYNTH-0201,Railways,Arunachal Pradesh,2539.95,30,59,1441.38,42.3,9.0,1.34,0.85,0,0,0,0,2571.97,14
2022-01-19,PRJ-SYNTH-0102,Power,Karnataka,1212.44,45,95,700.93,46.2,0.0,1.25,0.2,0,0,0,0,1351.7,10
2022-01-24,PRJ-SYNTH-0079,Power,Madhya Pradesh,1972.73,38,66,1039.59,53.8,7.5,0.98,0.2,0,0,0,0,1972.73,3
2022-01-25,PRJ-SYNTH-0064,Ports & Shipping,Uttar Pradesh,580.33,18,63,137.67,19.6,0.2,1.21,0.15,0,1,1,1,711.47,13
2022-01-27,PRJ-SYNTH-0212,Petroleum & Natural Gas,Bihar,5317.65,32,85,1252.45,21.0,10.8,1.12,0.2,0,1,0,1,5353.27,27
2022-02-06,PRJ-SYNTH-0197,Roads & Highways,Bihar,780.81,12,52,18.43,2.0,11.5,1.18,0.2,1,1,1,0,1017.13,12
2022-02-10,PRJ-SYNTH-0197,Roads & Highways,Bihar,780.81,12,52,158.62,15.0,0.0,1.35,0.2,0,1,0,0,847.93,4
2022-02-12,PRJ-SYNTH-0233,Petroleum & Natural Gas,Arunachal Pradesh,1888.04,43,91,845.22,34.2,11.7,1.31,0.85,0,0,0,1,2237.44,26
2022-02-13,PRJ-SYNTH-0097,Roads & Highways,Karnataka,2395.42,23,43,1436.21,50.4,4.8,1.19,0.2,0,1,0,0,2529.77,4
2022-02-16,PRJ-SYNTH-0106,Ports & Shipping,Assam,2654.07,48,95,1589.17,36.5,14.3,1.64,0.6,1,1,0,1,3064.15,25
2022-02-18,PRJ-SYNTH-0136,Power,Jammu & Kashmir,7882.79,42,89,3131.0,28.0,17.8,1.42,0.85,0,0,0,0,9650.61,13
2022-02-21,PRJ-SYNTH-0075,Ports & Shipping,West Bengal,150.09,18,70,12.4,10.9,5.5,0.76,0.25,0,2,0,0,150.09,4
2022-02-26,PRJ-SYNTH-0053,Ports & Shipping,Sikkim,950.44,43,54,811.24,80.5,8.7,1.06,0.8,1,1,0,1,1057.47,23
2022-03-01,PRJ-SYNTH-0099,Power,Arunachal Pradesh,1816.85,34,69,314.43,13.2,35.7,1.31,0.85,3,0,1,1,2316.65,46
2022-03-02,PRJ-SYNTH-0196,Roads & Highways,Odisha,2607.25,44,63,2632.55,74.8,3.4,1.35,0.25,0,1,0,1,2909.83,18
2022-03-03,PRJ-SYNTH-0167,Roads & Highways,Arunachal Pradesh,3947.97,40,89,772.38,11.7,30.7,1.67,0.85,3,0,1,1,5474.15,41
2022-03-04,PRJ-SYNTH-0018,Power,Odisha,2437.03,9,39,228.37,12.3,1.2,0.76,0.25,0,2,0,0,2437.03,0
2022-03-06,PRJ-SYNTH-0236,Roads & Highways,Uttarakhand,3301.8,48,82,2250.36,46.4,16.3,1.47,0.75,1,1,1,1,4401.35,31
2022-03-10,PRJ-SYNTH-0124,Roads & Highways,Madhya Pradesh,477.35,35,30,340.03,97.6,2.4,0.73,0.2,0,1,0,1,477.35,17
2022-03-15,PRJ-SYNTH-0036,Power,Tamil Nadu,566.91,47,94,245.79,43.4,6.6,1.0,0.15,0,1,0,0,596.79,4
2022-03-24,PRJ-SYNTH-0018,Power,Odisha,2437.03,9,39,355.81,16.4,0.0,0.89,0.25,0,1,0,0,2437.03,4
2022-03-26,PRJ-SYNTH-0246,Railways,Jammu & Kashmir,1315.83,20,42,335.83,25.5,20.9,1.0,0.85,1,1,1,1,1615.27,34
2022-03-27,PRJ-SYNTH-0094,Petroleum & Natural Gas,Jammu & Kashmir,1324.41,34,49,926.47,50.0,27.6,1.4,0.85,2,3,1,1,1777.23,38
2022-03-29,PRJ-SYNTH-0135,Roads & Highways,Andhra Pradesh,754.87,22,38,465.53,54.6,7.1,1.13,0.2,0,0,0,0,822.13,0
2022-03-31,PRJ-SYNTH-0051,Power,Madhya Pradesh,2459.91,47,92,1482.47,53.8,0.0,1.12,0.2,0,3,0,0,2723.9,8
2022-04-05,PRJ-SYNTH-0036,Power,Tamil Nadu,566.91,47,94,324.14,45.7,4.3,1.25,0.15,0,2,0,0,647.14,3
2022-04-07,PRJ-SYNTH-0026,Petroleum & Natural Gas,Karnataka,2008.97,37,84,918.4,40.5,0.6,1.13,0.2,1,1,0,0,2008.97,5
2022-04-10,PRJ-SYNTH-0119,Railways,Assam,5354.44,30,60,3525.63,44.2,5.8,1.49,0.6,0,3,0,1,5957.8,23
2022-04-17,PRJ-SYNTH-0106,Ports & Shipping,Assam,2654.07,50,95,1707.4,52.7,1.2,1.22,0.6,0,2,0,1,2847.48,21
2022-04-21,PRJ-SYNTH-0178,Power,Arunachal Pradesh,7192.96,34,69,3989.41,32.8,16.1,1.69,0.85,1,2,1,1,9930.19,27
2022-04-22,PRJ-SYNTH-0121,Roads & Highways,Maharashtra,3833.3,41,90,2432.61,45.0,0.0,1.41,0.2,0,1,0,0,4222.29,0
2022-04-23,PRJ-SYNTH-0040,Railways,Madhya Pradesh,2179.86,13,60,135.46,6.1,5.9,1.02,0.2,0,1,0,0,2282.59,6
2022-04-23,PRJ-SYNTH-0179,Railways,Madhya Pradesh,1406.1,30,54,780.43,51.9,6.4,1.07,0.2,1,1,0,0,1545.44,0
2022-04-24,PRJ-SYNTH-0228,Ports & Shipping,Sikkim,649.46,21,61,29.47,5.4,22.0,0.84,0.8,0,0,1,0,721.73,21
2022-04-30,PRJ-SYNTH-0123,Ports & Shipping,Odisha,6854.46,45,93,3620.63,45.9,1.7,1.15,0.25,0,0,0,0,7592.09,3
2022-05-01,PRJ-SYNTH-0116,Petroleum & Natural Gas,Jammu & Kashmir,2407.8,36,71,1495.26,37.6,13.5,1.65,0.85,0,0,1,0,3328.99,14
2022-05-02,PRJ-SYNTH-0038,Petroleum & Natural Gas,Uttar Pradesh,280.99,35,71,163.98,53.5,0.0,1.09,0.15,0,0,0,0,322.47,3
2022-05-03,PRJ-SYNTH-0119,Railways,Assam,5354.44,31,60,5297.97,44.6,7.9,2.22,0.6,2,2,1,1,8476.42,28
2022-05-06,PRJ-SYNTH-0170,Power,Himachal Pradesh,883.55,42,73,441.54,34.9,26.3,1.43,0.7,1,3,0,1,991.67,38
2022-05-06,PRJ-SYNTH-0077,Railways,Tamil Nadu,1963.91,18,57,454.75,24.4,0.0,0.95,0.15,0,0,0,0,1963.91,3
2022-05-08,PRJ-SYNTH-0181,Ports & Shipping,Odisha,3276.02,16,65,677.5,18.0,0.0,1.15,0.25,0,1,0,1,3579.81,20
2022-05-09,PRJ-SYNTH-0203,Roads & Highways,Madhya Pradesh,5058.87,42,64,3555.82,70.3,2.4,1.0,0.2,0,1,0,1,5058.87,21
2022-05-12,PRJ-SYNTH-0020,Ports & Shipping,Arunachal Pradesh,472.63,14,64,16.92,2.0,10.3,1.79,0.85,2,1,1,1,706.84,28
2022-05-21,PRJ-SYNTH-0173,Petroleum & Natural Gas,Sikkim,1680.34,20,60,47.72,2.0,23.9,1.42,0.8,2,1,1,1,2320.47,31
2022-05-21,PRJ-SYNTH-0165,Ports & Shipping,Sikkim,4515.21,43,85,2022.3,26.3,24.6,1.7,0.8,2,0,1,1,6384.29,34
2022-05-21,PRJ-SYNTH-0040,Railways,Madhya Pradesh,2179.86,14,60,195.46,9.7,4.1,0.92,0.2,0,1,0,0,2243.44,0
2022-05-22,PRJ-SYNTH-0246,Railways,Jammu & Kashmir,1315.83,22,42,816.02,45.9,7.7,1.35,0.85,1,1,0,1,1506.96,25
2022-05-25,PRJ-SYNTH-0050,Power,Maharashtra,338.7,18,39,145.88,34.2,10.0,1.26,0.2,1,1,1,1,451.3,27
2022-05-28,PRJ-SYNTH-0034,Roads & Highways,Jammu & Kashmir,661.94,52,88,522.06,52.6,10.9,1.5,0.85,0,1,1,0,895.85,6
2022-05-29,PRJ-SYNTH-0029,Roads & Highways,Tamil Nadu,1021.87,7,50,48.58,5.2,0.1,0.92,0.15,0,0,0,1,1021.87,16
2022-06-02,PRJ-SYNTH-0115,Power,Uttar Pradesh,1506.07,38,66,834.82,46.2,15.1,1.2,0.15,1,0,0,1,1550.16,36
2022-06-03,PRJ-SYNTH-0090,Petroleum & Natural Gas,Andhra Pradesh,2944.23,3,34,76.55,2.0,0.2,1.3,0.2,0,0,0,0,2944.23,0
2022-06-03,PRJ-SYNTH-0083,Petroleum & Natural Gas,West Bengal,7361.36,30,56,4697.57,52.7,2.6,1.21,0.25,1,0,0,0,7434.4,2
2022-06-06,PRJ-SYNTH-0076,Railways,Gujarat,3947.38,42,88,2264.6,41.3,5.3,1.39,0.15,0,0,0,0,4805.96,0
2022-06-08,PRJ-SYNTH-0123,Ports & Shipping,Odisha,6854.46,46,93,3262.54,45.8,3.4,1.04,0.25,0,1,0,0,6854.46,12
2022-06-09,PRJ-SYNTH-0065,Ports & Shipping,West Bengal,3912.37,50,92,1657.74,53.6,2.9,0.79,0.25,0,1,0,0,3912.37,3
2022-06-13,PRJ-SYNTH-0199,Petroleum & Natural Gas,Arunachal Pradesh,1910.84,48,90,1099.71,43.9,11.1,1.31,0.85,0,2,1,0,2528.65,11
2022-06-13,PRJ-SYNTH-0210,Power,Uttar Pradesh,70269.63,29,35,55280.66,85.5,6.7,0.92,0.15,0,1,0,1,72140.05,18
2022-06-14,PRJ-SYNTH-0190,Petroleum & Natural Gas,Gujarat,428.76,43,36,373.54,99.0,1.0,0.88,0.15,0,1,0,0,428.76,5
2022-06-14,PRJ-SYNTH-0245,Power,Madhya Pradesh,578.08,47,59,508.97,89.8,0.0,0.98,0.2,0,1,0,0,578.08,3
2022-06-16,PRJ-SYNTH-0018,Power,Odisha,2437.03,12,39,894.37,28.9,0.0,1.27,0.25,0,1,0,0,2778.84,5
2022-06-24,PRJ-SYNTH-0181,Ports & Shipping,Odisha,3276.02,18,65,597.49,18.6,0.2,0.98,0.25,0,1,0,0,3387.72,7
2022-06-24,PRJ-SYNTH-0241,Railways,Andhra Pradesh,851.59,40,90,307.69,34.4,7.3,1.05,0.2,0,3,0,0,885.19,6
2022-06-24,PRJ-SYNTH-0053,Ports & Shipping,Sikkim,950.44,47,54,865.82,89.3,6.1,1.02,0.8,0,2,0,1,950.44,25
2022-06-27,PRJ-SYNTH-0224,Roads & Highways,Madhya Pradesh,390.69,52,69,469.44,90.3,0.0,1.33,0.2,0,1,0,0,453.0,0
2022-06-27,PRJ-SYNTH-0038,Petroleum & Natural Gas,Uttar Pradesh,280.99,37,71,166.2,45.2,8.0,1.31,0.15,0,0,0,0,327.45,2
2022-07-02,PRJ-SYNTH-0010,Railways,Uttarakhand,3027.32,42,75,1635.11,46.6,12.4,1.16,0.75,1,2,0,1,3393.39,33
2022-07-08,PRJ-SYNTH-0043,Power,Bihar,1619.92,47,84,680.4,58.3,0.6,0.72,0.2,0,0,0,0,1619.92,3
2022-07-08,PRJ-SYNTH-0004,Railways,Uttar Pradesh,7683.87,38,57,5775.89,62.6,11.5,1.2,0.15,1,2,1,0,10732.94,13
2022-07-10,PRJ-SYNTH-0226,Railways,Arunachal Pradesh,5087.3,20,49,1378.1,17.8,18.6,1.52,0.85,1,1,1,1,7098.48,32
2022-07-11,PRJ-SYNTH-0092,Power,West Bengal,4537.87,6,35,130.69,2.0,5.8,1.44,0.25,0,2,1,0,6067.5,0
2022-07-11,PRJ-SYNTH-0143,Roads & Highways,Uttarakhand,392.64,52,89,293.99,46.2,16.3,1.62,0.75,1,0,1,1,537.21,29
2022-07-13,PRJ-SYNTH-0032,Petroleum & Natural Gas,Karnataka,10505.61,38,31,10698.58,82.1,17.9,1.24,0.2,0,1,0,1,11018.84,22
2022-07-13,PRJ-SYNTH-0191,Petroleum & Natural Gas,Andhra Pradesh,1183.0,48,68,1100.45,71.0,8.1,1.31,0.2,0,0,0,1,1183.0,24
2022-07-16,PRJ-SYNTH-0013,Petroleum & Natural Gas,West Bengal,2275.29,35,76,1034.37,33.9,10.2,1.34,0.25,1,1,1,0,2886.81,11
2022-07-22,PRJ-SYNTH-0157,Power,Uttar Pradesh,10641.17,41,78,4611.36,44.2,9.6,0.98,0.15,0,0,0,0,10641.17,8
2022-07-25,PRJ-SYNTH-0061,Railways,Uttar Pradesh,1146.86,43,60,973.16,84.9,0.0,1.0,0.15,0,1,0,0,1146.86,8
2022-07-28,PRJ-SYNTH-0037,Power,Andhra Pradesh,2204.86,18,50,574.53,23.3,6.2,1.12,0.2,0,1,0,1,2271.7,23
2022-07-29,PRJ-SYNTH-0199,Petroleum & Natural Gas,Arunachal Pradesh,1910.84,50,90,1222.5,48.5,9.8,1.32,0.85,0,1,0,0,2197.71,9
2022-07-30,PRJ-SYNTH-0012,Ports & Shipping,Tamil Nadu,1161.6,17,40,387.31,30.9,7.9,1.08,0.15,1,2,0,0,1313.61,12
2022-07-30,PRJ-SYNTH-0113,Roads & Highways,Andhra Pradesh,1914.51,42,83,478.53,52.1,0.0,0.48,0.2,0,0,0,0,1914.51,1
2022-07-31,PRJ-SYNTH-0234,Petroleum & Natural Gas,Assam,973.58,39,78,515.44,37.5,12.5,1.41,0.6,2,2,1,1,1308.83,32
2022-08-03,PRJ-SYNTH-0081,Railways,West Bengal,1467.49,37,47,907.92,88.4,0.0,0.7,0.25,0,0,0,0,1472.34,4
2022-08-03,PRJ-SYNTH-0064,Ports & Shipping,Uttar Pradesh,580.33,24,63,171.7,22.2,10.3,1.33,0.15,1,0,1,1,786.9,35
2022-08-04,PRJ-SYNTH-0185,Railways,Maharashtra,1462.22,46,67,1251.06,70.7,6.0,1.21,0.2,0,1,0,0,1526.17,4
2022-08-05,PRJ-SYNTH-0235,Roads & Highways,Assam,13859.79,16,60,2186.02,10.1,7.4,1.56,0.6,0,0,1,1,20650.69,27
2022-08-09,PRJ-SYNTH-0207,Ports & Shipping,Sikkim,2949.18,15,40,505.68,11.1,20.5,1.54,0.8,1,2,0,1,3329.37,34
2022-08-10,PRJ-SYNTH-0140,Petroleum & Natural Gas,Jammu & Kashmir,561.54,22,58,155.7,18.6,13.6,1.49,0.85,1,2,1,1,786.64,29
2022-08-17,PRJ-SYNTH-0077,Railways,Tamil Nadu,1963.91,21,57,596.14,28.4,2.3,1.07,0.15,1,0,0,0,2032.53,3
2022-08-18,PRJ-SYNTH-0140,Petroleum & Natural Gas,Jammu & Kashmir,561.54,22,58,122.69,13.5,18.7,1.62,0.85,0,2,1,1,802.48,24
2022-08-20,PRJ-SYNTH-0042,Roads & Highways,Andhra Pradesh,2127.71,46,90,1031.5,45.3,6.4,1.07,0.2,0,0,0,0,2127.71,7
2022-08-21,PRJ-SYNTH-0092,Power,West Bengal,4537.87,7,35,407.06,7.6,2.8,1.18,0.25,0,0,0,0,5018.63,4
2022-08-23,PRJ-SYNTH-0019,Petroleum & Natural Gas,Bihar,763.09,44,61,566.88,79.9,1.1,0.93,0.2,0,1,0,0,763.09,0
2022-08-26,PRJ-SYNTH-0241,Railways,Andhra Pradesh,851.59,42,90,370.93,38.2,6.8,1.14,0.2,0,0,0,1,851.59,30
2022-08-30,PRJ-SYNTH-0238,Ports & Shipping,Andhra Pradesh,2158.42,38,34,2374.45,93.2,6.8,1.18,0.2,1,1,0,1,2303.66,15
2022-09-02,PRJ-SYNTH-0109,Power,Odisha,2309.24,53,85,1876.58,62.5,5.7,1.3,0.25,0,1,0,0,2608.64,3
2022-09-04,PRJ-SYNTH-0106,Ports & Shipping,Assam,2654.07,55,95,2261.34,48.7,13.0,1.75,0.6,2,2,1,0,3650.88,5
2022-09-10,PRJ-SYNTH-0008,Power,Jammu & Kashmir,3748.32,45,65,3624.15,58.2,19.2,1.66,0.85,0,1,1,1,5291.55,29
2022-09-10,PRJ-SYNTH-0121,Roads & Highways,Maharashtra,3833.3,46,90,2376.87,52.1,0.0,1.19,0.2,0,1,1,0,4716.31,0
2022-09-11,PRJ-SYNTH-0074,Ports & Shipping,Karnataka,7993.72,11,46,981.06,8.2,6.2,1.49,0.2,0,0,0,0,9822.14,2
2022-09-11,PRJ-SYNTH-0166,Roads & Highways,Assam,2676.17,37,41,2573.2,75.7,21.6,1.27,0.6,0,0,0,1,3199.06,29
2022-09-13,PRJ-SYNTH-0118,Roads & Highways,Sikkim,595.71,37,40,705.59,79.0,19.4,1.5,0.8,1,0,1,1,863.28,31
2022-09-13,PRJ-SYNTH-0122,Ports & Shipping,Gujarat,762.1,37,83,333.11,41.6,0.3,1.05,0.15,0,1,0,0,762.1,1
2022-09-16,PRJ-SYNTH-0017,Roads & Highways,Himachal Pradesh,690.77,44,77,468.97,51.0,9.6,1.33,0.7,0,1,1,1,868.52,23
2022-09-19,PRJ-SYNTH-0176,Petroleum & Natural Gas,West Bengal,3967.23,40,77,1885.87,36.6,16.3,1.3,0.25,1,1,1,1,5353.63,32
2022-09-20,PRJ-SYNTH-0162,Ports & Shipping,Jammu & Kashmir,3818.95,27,43,2579.34,53.2,15.6,1.27,0.85,2,0,0,1,4158.5,31
2022-09-20,PRJ-SYNTH-0151,Railways,Maharashtra,2293.81,43,61,2048.79,73.2,5.8,1.22,0.2,1,1,0,0,2685.52,9
2022-09-23,PRJ-SYNTH-0001,Railways,Tamil Nadu,2898.3,40,65,2092.43,59.7,7.3,1.21,0.15,0,0,0,0,3386.33,6
2022-09-29,PRJ-SYNTH-0162,Ports & Shipping,Jammu & Kashmir,3818.95,27,43,2637.2,43.2,25.6,1.6,0.85,1,1,1,1,5282.67,41
2022-10-03,PRJ-SYNTH-0129,Roads & Highways,Arunachal Pradesh,1987.57,49,90,1258.05,47.6,9.0,1.33,0.85,0,1,1,0,2544.1,7
2022-10-05,PRJ-SYNTH-0027,Roads & Highways,Himachal Pradesh,605.8,22,47,205.19,23.9,21.3,1.42,0.7,2,1,0,1,756.03,34
2022-10-08,PRJ-SYNTH-0226,Railways,Arunachal Pradesh,5087.3,23,49,756.28,6.8,38.6,2.19,0.85,4,2,1,1,7681.78,49
2022-10-11,PRJ-SYNTH-0035,Petroleum & Natural Gas,Karnataka,3949.79,23,52,1179.14,37.8,3.6,0.79,0.2,1,2,0,0,3949.79,0
2022-10-15,PRJ-SYNTH-0248,Railways,Assam,971.98,33,67,340.65,36.9,12.0,0.95,0.6,0,0,0,0,971.98,13
2022-10-19,PRJ-SYNTH-0138,Petroleum & Natural Gas,Uttar Pradesh,1331.47,41,78,420.95,51.8,2.0,0.61,0.15,0,1,0,0,1331.47,0
2022-10-19,PRJ-SYNTH-0035,Petroleum & Natural Gas,Karnataka,3949.79,23,52,1977.78,39.4,2.0,1.27,0.2,0,1,0,0,4722.08,2
2022-10-23,PRJ-SYNTH-0248,Railways,Assam,971.98,33,67,742.54,42.7,6.2,1.79,0.6,1,1,1,0,1531.74,0
2022-10-23,PRJ-SYNTH-0023,Roads & Highways,Gujarat,1927.83,50,70,1609.85,73.3,6.9,1.14,0.15,0,1,0,0,2188.61,12
2022-10-24,PRJ-SYNTH-0235,Roads & Highways,Assam,13859.79,19,60,2581.2,11.5,12.2,1.62,0.6,2,2,1,0,19934.29,12
2022-10-25,PRJ-SYNTH-0237,Ports & Shipping,Assam,264.04,44,78,122.77,41.5,18.1,1.12,0.6,1,1,1,1,338.26,24
2022-10-26,PRJ-SYNTH-0163,Ports & Shipping,Himachal Pradesh,5435.28,28,49,3290.5,54.1,6.5,1.12,0.7,0,0,0,0,5774.5,3
2022-10-28,PRJ-SYNTH-0004,Railways,Uttar Pradesh,7683.87,42,57,7474.79,72.1,10.8,1.35,0.15,1,0,1,1,10256.1,26
2022-10-29,PRJ-SYNTH-0113,Roads & Highways,Andhra Pradesh,1914.51,45,83,856.3,48.6,7.7,0.92,0.2,1,1,0,1,1915.52,22
2022-10-29,PRJ-SYNTH-0155,Petroleum & Natural Gas,Bihar,2388.5,5,44,57.32,2.0,1.6,1.2,0.2,0,1,0,0,2743.09,1
2022-10-31,PRJ-SYNTH-0144,Ports & Shipping,Uttar Pradesh,2154.69,46,33,2884.32,97.0,3.0,1.38,0.15,0,0,0,1,2356.0,19
2022-11-01,PRJ-SYNTH-0242,Power,Karnataka,1621.33,36,80,639.93,29.0,13.5,1.36,0.2,0,2,1,0,2317.39,16
2022-11-01,PRJ-SYNTH-0119,Railways,Assam,5354.44,37,60,3712.8,61.9,5.3,1.12,0.6,0,2,0,0,5789.33,8
2022-11-02,PRJ-SYNTH-0122,Ports & Shipping,Gujarat,762.1,38,83,529.96,42.4,1.3,1.64,0.15,0,2,0,1,897.88,17
2022-11-09,PRJ-SYNTH-0024,Ports & Shipping,Sikkim,467.07,55,88,468.5,50.7,17.7,1.98,0.8,3,1,1,1,744.44,27
2022-11-12,PRJ-SYNTH-0005,Petroleum & Natural Gas,Uttar Pradesh,1447.44,14,55,265.3,13.1,3.0,1.4,0.15,1,0,1,0,1877.46,5
2022-11-15,PRJ-SYNTH-0024,Ports & Shipping,Sikkim,467.07,56,88,498.18,60.6,9.3,1.76,0.8,1,1,1,1,689.47,25
2022-11-15,PRJ-SYNTH-0072,Petroleum & Natural Gas,Jammu & Kashmir,7794.2,55,96,4587.8,43.0,17.9,1.37,0.85,1,2,1,1,10199.22,37
2022-11-19,PRJ-SYNTH-0136,Power,Jammu & Kashmir,7882.79,51,89,6240.0,60.9,0.0,1.3,0.85,0,1,0,1,8538.86,9
2022-11-19,PRJ-SYNTH-0144,Ports & Shipping,Uttar Pradesh,2154.69,47,33,3263.71,99.0,1.0,1.53,0.15,0,0,0,0,2500.2,3
2022-11-21,PRJ-SYNTH-0055,Ports & Shipping,Jammu & Kashmir,4814.8,13,36,1161.95,20.6,9.1,1.17,0.85,0,2,0,0,5406.13,14
2022-11-21,PRJ-SYNTH-0041,Railways,Gujarat,3646.57,57,92,2404.8,62.2,5.4,1.06,0.15,0,0,0,0,3663.54,4
2022-11-22,PRJ-SYNTH-0219,Petroleum & Natural Gas,Uttar Pradesh,1140.14,51,89,382.9,61.1,0.0,0.55,0.15,0,0,0,0,1140.14,3
2022-11-24,PRJ-SYNTH-0221,Ports & Shipping,Sikkim,16300.09,45,36,21345.1,89.1,10.9,1.47,0.8,1,2,1,1,21894.55,26
2022-11-27,PRJ-SYNTH-0063,Railways,Uttarakhand,632.06,33,51,491.98,58.5,12.9,1.33,0.75,1,1,1,1,822.21,29
2022-11-28,PRJ-SYNTH-0160,Power,Maharashtra,3373.57,46,84,1851.06,50.3,6.8,1.09,0.2,2,0,0,0,3373.57,9
2022-12-02,PRJ-SYNTH-0009,Power,Odisha,1157.48,52,43,1207.36,94.0,6.0,1.11,0.25,0,2,0,1,1271.45,25
2022-12-02,PRJ-SYNTH-0006,Roads & Highways,Jammu & Kashmir,1447.47,49,87,866.52,35.8,23.6,1.67,0.85,3,1,1,1,1980.33,38
2022-12-03,PRJ-SYNTH-0197,Roads & Highways,Bihar,780.81,21,52,400.5,36.9,0.0,1.39,0.2,0,0,0,0,942.89,9
2022-12-05,PRJ-SYNTH-0059,Ports & Shipping,Karnataka,2476.74,54,61,1704.2,87.1,9.3,0.79,0.2,0,1,0,1,2476.74,19
2022-12-09,PRJ-SYNTH-0017,Roads & Highways,Himachal Pradesh,690.77,47,77,477.56,54.4,11.9,1.27,0.7,1,1,0,1,749.23,28
2022-12-11,PRJ-SYNTH-0136,Power,Jammu & Kashmir,7882.79,52,89,4815.17,44.9,17.6,1.36,0.85,3,0,1,1,11120.22,31
2022-12-14,PRJ-SYNTH-0011,Railways,Karnataka,1164.16,50,88,636.05,57.5,2.7,0.95,0.2,0,2,0,0,1164.16,5
2022-12-16,PRJ-SYNTH-0248,Railways,Assam,971.98,35,67,492.99,27.9,25.5,1.82,0.6,5,0,1,1,1440.58,32
2022-12-22,PRJ-SYNTH-0248,Railways,Assam,971.98,35,67,484.09,39.2,14.2,1.27,0.6,1,3,0,0,1119.74,7
2022-12-22,PRJ-SYNTH-0039,Railways,Uttar Pradesh,511.95,49,76,334.12,65.9,5.2,0.99,0.15,1,1,0,0,511.95,4
2022-12-26,PRJ-SYNTH-0018,Power,Odisha,2437.03,18,39,1206.33,41.9,2.3,1.18,0.25,0,1,0,0,2437.03,4
2022-12-26,PRJ-SYNTH-0225,Railways,Jammu & Kashmir,1154.78,52,58,1767.21,89.5,7.5,1.71,0.85,1,2,1,1,1689.21,19
2022-12-27,PRJ-SYNTH-0010,Railways,Uttarakhand,3027.32,48,75,2345.98,53.1,17.4,1.46,0.75,1,1,1,1,4187.22,31
2022-12-29,PRJ-SYNTH-0024,Ports & Shipping,Sikkim,467.07,57,88,603.93,60.1,11.4,2.15,0.8,2,2,1,1,726.2,26
2022-12-30,PRJ-SYNTH-0151,Railways,Maharashtra,2293.81,46,61,2277.05,83.4,1.4,1.19,0.2,0,2,0,0,2644.68,1
2023-01-01,PRJ-SYNTH-0048,Railways,Madhya Pradesh,4935.78,12,39,913.96,14.9,7.7,1.24,0.2,0,1,0,0,5402.58,1
2023-01-08,PRJ-SYNTH-0013,Petroleum & Natural Gas,West Bengal,2275.29,40,76,1280.0,38.8,15.1,1.45,0.25,2,0,1,1,3162.56,28
2023-01-10,PRJ-SYNTH-0020,Ports & Shipping,Arunachal Pradesh,472.63,22,64,121.96,20.2,7.1,1.28,0.85,0,2,0,0,536.7,7
2023-01-14,PRJ-SYNTH-0169,Roads & Highways,Assam,1432.08,56,92,877.26,52.8,13.2,1.16,0.6,1,2,0,0,1432.08,9
2023-01-15,PRJ-SYNTH-0235,Roads & Highways,Assam,13859.79,22,60,5163.89,25.9,4.6,1.44,0.6,1,0,1,0,17285.32,10
2023-01-18,PRJ-SYNTH-0057,Roads & Highways,Tamil Nadu,814.64,47,54,1112.6,96.9,0.0,1.41,0.15,0,1,0,0,942.85,3
2023-01-19,PRJ-SYNTH-0204,Railways,Gujarat,4920.24,39,51,3076.55,83.4,2.6,0.75,0.15,0,0,0,0,4920.24,1
2023-01-19,PRJ-SYNTH-0093,Roads & Highways,Odisha,928.02,36,43,658.04,89.8,3.1,0.79,0.25,0,0,0,1,928.02,20
2023-01-19,PRJ-SYNTH-0005,Petroleum & Natural Gas,Uttar Pradesh,1447.44,16,55,244.7,14.7,5.8,1.15,0.15,1,2,0,0,1530.07,11
2023-01-22,PRJ-SYNTH-0098,Ports & Shipping,Maharashtra,2316.94,47,58,2181.19,79.1,11.5,1.19,0.2,0,2,1,1,2975.71,26
2023-01-23,PRJ-SYNTH-0179,Railways,Madhya Pradesh,1406.1,39,54,836.68,78.3,2.8,0.76,0.2,0,0,0,0,1406.1,8
2023-01-24,PRJ-SYNTH-0113,Roads & Highways,Andhra Pradesh,1914.51,48,83,1411.03,60.4,1.3,1.22,0.2,0,1,0,0,1966.41,11
2023-01-27,PRJ-SYNTH-0240,Railways,Arunachal Pradesh,4063.55,33,48,2760.91,53.5,23.3,1.27,0.85,2,1,1,1,5419.01,41
2023-01-27,PRJ-SYNTH-0046,Roads & Highways,Tamil Nadu,912.46,56,58,957.54,99.0,0.7,1.06,0.15,1,1,1,0,1031.74,4
2023-01-27,PRJ-SYNTH-0060,Petroleum & Natural Gas,Arunachal Pradesh,4567.71,57,42,4046.69,73.2,26.8,1.21,0.85,2,1,1,1,6183.09,39
2023-01-28,PRJ-SYNTH-0214,Power,Assam,3357.06,3,43,79.9,2.0,0.0,1.19,0.6,0,1,0,0,4024.18,6
2023-01-28,PRJ-SYNTH-0203,Roads & Highways,Madhya Pradesh,5058.87,51,64,5285.06,84.9,4.4,1.23,0.2,0,0,0,0,5390.28,5
2023-02-02,PRJ-SYNTH-0055,Ports & Shipping,Jammu & Kashmir,4814.8,15,36,802.68,14.9,22.7,1.12,0.85,2,1,0,1,4997.74,31
2023-02-13,PRJ-SYNTH-0013,Petroleum & Natural Gas,West Bengal,2275.29,42,76,1452.89,54.1,3.8,1.18,0.25,0,0,0,0,2382.62,5
2023-02-18,PRJ-SYNTH-0028,Railways,Sikkim,2583.53,3,36,53.22,2.0,0.0,1.03,0.8,0,1,1,1,3327.04,11
2023-02-24,PRJ-SYNTH-0084,Power,Odisha,1105.05,53,94,718.79,50.8,8.7,1.28,0.25,1,0,0,1,1333.63,23
2023-02-26,PRJ-SYNTH-0055,Ports & Shipping,Jammu & Kashmir,4814.8,16,36,1286.55,17.6,24.1,1.52,0.85,2,0,1,1,6836.26,37
2023-02-28,PRJ-SYNTH-0050,Power,Maharashtra,338.7,27,39,309.28,73.1,4.3,1.25,0.2,0,2,0,0,366.12,8
2023-03-02,PRJ-SYNTH-0054,Ports & Shipping,Tamil Nadu,3232.76,47,75,3162.68,64.8,3.8,1.51,0.15,0,1,0,0,4032.26,6
2023-03-04,PRJ-SYNTH-0114,Petroleum & Natural Gas,Bihar,18771.22,34,68,8302.79,46.6,3.4,0.95,0.2,0,1,0,0,18771.22,0
2023-03-04,PRJ-SYNTH-0249,Ports & Shipping,Himachal Pradesh,9673.85,45,48,10902.01,80.5,18.4,1.4,0.7,2,2,1,1,12626.71,35
2023-03-06,PRJ-SYNTH-0117,Ports & Shipping,Arunachal Pradesh,1749.39,27,57,625.1,19.4,26.7,1.84,0.85,3,0,1,1,2415.99,34
2023-03-11,PRJ-SYNTH-0117,Ports & Shipping,Arunachal Pradesh,1749.39,27,57,753.2,30.5,15.6,1.41,0.85,1,2,0,1,2069.74,28
2023-03-11,PRJ-SYNTH-0238,Ports & Shipping,Andhra Pradesh,2158.42,45,34,1340.13,90.0,10.0,0.69,0.2,0,1,0,1,2158.42,26
2023-03-12,PRJ-SYNTH-0077,Railways,Tamil Nadu,1963.91,28,57,849.5,36.0,12.7,1.2,0.15,1,0,0,1,2087.16,25
2023-03-15,PRJ-SYNTH-0209,Railways,Karnataka,2949.22,47,41,2417.2,86.3,13.7,0.95,0.2,0,0,0,1,3037.54,22
2023-03-16,PRJ-SYNTH-0117,Ports & Shipping,Arunachal Pradesh,1749.39,28,57,646.65,23.1,25.6,1.6,0.85,4,3,1,1,2468.56,39
2023-03-17,PRJ-SYNTH-0081,Railways,West Bengal,1467.49,44,47,1155.94,85.6,13.2,0.92,0.25,1,0,0,1,1561.06,30
2023-03-18,PRJ-SYNTH-0021,Power,Madhya Pradesh,7276.22,47,37,9110.42,98.6,1.4,1.27,0.2,2,0,1,0,10118.33,4
2023-03-23,PRJ-SYNTH-0196,Roads & Highways,Odisha,2607.25,57,63,3291.76,97.9,0.0,1.29,0.25,0,2,0,0,2785.43,4
2023-03-24,PRJ-SYNTH-0131,Roads & Highways,Sikkim,414.42,33,65,249.86,41.9,9.3,1.44,0.8,1,2,0,0,488.58,6
2023-03-26,PRJ-SYNTH-0063,Railways,Uttarakhand,632.06,37,51,697.09,65.6,15.9,1.68,0.75,2,3,1,1,922.52,32
2023-03-26,PRJ-SYNTH-0096,Power,Bihar,450.19,54,82,412.86,76.4,0.0,1.2,0.2,0,1,0,0,470.13,0
2023-03-27,PRJ-SYNTH-0080,Petroleum & Natural Gas,Arunachal Pradesh,273.64,62,68,307.59,76.5,21.3,1.47,0.85,2,2,1,1,378.24,33
2023-03-31,PRJ-SYNTH-0250,Petroleum & Natural Gas,Jammu & Kashmir,2656.41,51,53,3073.84,82.7,16.9,1.4,0.85,1,1,1,1,3312.57,26
2023-04-05,PRJ-SYNTH-0221,Ports & Shipping,Sikkim,16300.09,49,36,23882.53,95.8,4.2,1.53,0.8,0,1,1,1,24700.04,26
2023-04-09,PRJ-SYNTH-0035,Petroleum & Natural Gas,Karnataka,3949.79,29,52,2652.59,44.8,13.8,1.5,0.2,2,2,1,1,5660.09,35
2023-04-09,PRJ-SYNTH-0069,Roads & Highways,Gujarat,2549.25,23,38,1661.72,62.7,2.9,1.04,0.15,0,1,0,0,2820.94,9
2023-04-09,PRJ-SYNTH-0035,Petroleum & Natural Gas,Karnataka,3949.79,29,52,2134.44,50.5,8.1,1.07,0.2,1,1,0,0,4306.99,8
2023-04-10,PRJ-SYNTH-0041,Railways,Gujarat,3646.57,62,92,2353.08,74.2,0.8,0.87,0.15,0,1,0,0,3646.57,4
2023-04-11,PRJ-SYNTH-0249,Ports & Shipping,Himachal Pradesh,9673.85,46,48,8652.05,81.3,18.2,1.1,0.7,1,2,0,1,10377.69,35
2023-04-11,PRJ-SYNTH-0190,Petroleum & Natural Gas,Gujarat,428.76,53,36,350.76,97.4,2.6,0.84,0.15,0,2,0,1,428.76,20
2023-04-15,PRJ-SYNTH-0221,Ports & Shipping,Sikkim,16300.09,49,36,16029.15,81.9,18.1,1.2,0.8,2,0,1,1,21931.76,36
2023-04-16,PRJ-SYNTH-0024,Ports & Shipping,Sikkim,467.07,61,88,392.55,60.0,17.5,1.4,0.8,1,2,0,0,513.27,12
2023-04-16,PRJ-SYNTH-0033,Power,Karnataka,1785.01,43,44,2064.88,85.1,14.7,1.36,0.2,0,0,0,1,2118.57,30
2023-04-17,PRJ-SYNTH-0170,Power,Himachal Pradesh,883.55,54,73,706.31,71.4,11.8,1.12,0.7,1,0,0,1,918.95,28
2023-04-21,PRJ-SYNTH-0187,Ports & Shipping,Sikkim,2834.37,52,86,2284.29,44.8,20.7,1.8,0.8,2,1,1,1,4310.97,34
2023-04-23,PRJ-SYNTH-0081,Railways,West Bengal,1467.49,45,47,1393.39,94.0,5.5,1.01,0.25,1,1,0,1,1687.18,25
2023-04-29,PRJ-SYNTH-0130,Roads & Highways,Karnataka,1120.69,28,65,663.38,37.9,1.8,1.56,0.2,0,0,0,0,1378.01,9
2023-04-29,PRJ-SYNTH-0005,Petroleum & Natural Gas,Uttar Pradesh,1447.44,20,55,335.25,27.9,2.2,0.83,0.15,0,2,0,0,1533.91,11
2023-04-30,PRJ-SYNTH-0240,Railways,Arunachal Pradesh,4063.55,36,48,2919.68,60.4,24.0,1.19,0.85,2,2,1,1,4653.75,36
2023-05-01,PRJ-SYNTH-0004,Railways,Uttar Pradesh,7683.87,48,57,7284.25,81.0,12.3,1.17,0.15,0,2,0,0,7918.48,10
2023-05-01,PRJ-SYNTH-0096,Power,Bihar,450.19,55,82,346.7,75.5,0.0,1.02,0.2,0,3,0,0,450.19,6
2023-05-03,PRJ-SYNTH-0023,Roads & Highways,Gujarat,1927.83,56,70,1255.1,86.8,2.8,0.75,0.15,0,2,0,0,1927.83,7
2023-05-06,PRJ-SYNTH-0074,Ports & Shipping,Karnataka,7993.72,18,46,2987.1,28.1,5.9,1.33,0.2,0,0,0,0,8626.43,1
2023-05-09,PRJ-SYNTH-0189,Railways,Tamil Nadu,808.8,47,81,575.73,57.4,4.5,1.24,0.15,0,2,0,0,898.14,4
2023-05-09,PRJ-SYNTH-0005,Petroleum & Natural Gas,Uttar Pradesh,1447.44,20,55,496.37,27.7,2.4,1.24,0.15,0,1,0,0,1595.3,0
2023-05-10,PRJ-SYNTH-0152,Petroleum & Natural Gas,Uttar Pradesh,2512.73,48,49,2956.41,87.8,12.1,1.34,0.15,0,2,0,1,3057.44,31
2023-05-11,PRJ-SYNTH-0176,Petroleum & Natural Gas,West Bengal,3967.23,48,77,3260.06,57.1,11.0,1.44,0.25,1,2,0,0,4516.88,7
2023-05-11,PRJ-SYNTH-0142,Ports & Shipping,Uttar Pradesh,6259.06,41,73,3970.78,64.7,0.0,0.98,0.15,0,0,0,0,6554.61,0
2023-05-12,PRJ-SYNTH-0140,Petroleum & Natural Gas,Jammu & Kashmir,561.54,31,58,269.93,39.7,15.5,1.21,0.85,0,3,1,1,767.89,35
2023-05-13,PRJ-SYNTH-0133,Power,Assam,659.06,55,40,924.43,78.8,21.2,1.78,0.6,2,1,0,1,856.25,32
2023-05-14,PRJ-SYNTH-0137,Roads & Highways,Maharashtra,859.12,51,83,637.47,65.1,1.8,1.14,0.2,1,1,0,0,859.12,3
2023-05-14,PRJ-SYNTH-0201,Railways,Arunachal Pradesh,2539.95,46,59,2531.26,65.6,22.0,1.52,0.85,2,1,1,1,3537.93,37
2023-05-15,PRJ-SYNTH-0228,Ports & Shipping,Sikkim,649.46,33,61,316.3,45.9,10.2,1.06,0.8,0,1,0,0,739.54,11
2023-05-16,PRJ-SYNTH-0083,Petroleum & Natural Gas,West Bengal,7361.36,41,56,7121.32,75.0,7.3,1.29,0.25,0,0,0,0,8086.61,9
2023-05-18,PRJ-SYNTH-0053,Ports & Shipping,Sikkim,950.44,58,54,1069.63,69.0,31.0,1.63,0.8,4,3,1,1,1402.09,46
2023-05-23,PRJ-SYNTH-0169,Roads & Highways,Assam,1432.08,61,92,1052.38,66.2,7.4,1.11,0.6,0,0,0,0,1594.23,16
2023-05-24,PRJ-SYNTH-0158,Railways,Odisha,2835.98,57,61,2351.44,96.4,2.4,0.86,0.25,0,2,0,0,2835.98,10
2023-05-25,PRJ-SYNTH-0215,Power,Bihar,1340.09,48,82,841.83,55.6,7.1,1.13,0.2,0,0,0,0,1418.57,7
2023-05-28,PRJ-SYNTH-0222,Petroleum & Natural Gas,Karnataka,306.77,45,46,400.89,99.0,0.9,1.32,0.2,0,2,0,1,325.41,13
2023-05-29,PRJ-SYNTH-0242,Power,Karnataka,1621.33,43,80,679.78,39.6,16.0,1.06,0.2,2,0,0,1,1839.25,27
2023-06-01,PRJ-SYNTH-0021,Power,Madhya Pradesh,7276.22,49,37,7347.53,99.0,1.0,1.02,0.2,0,0,0,0,7276.22,0
2023-06-01,PRJ-SYNTH-0056,Railways,Tamil Nadu,4379.62,53,81,2353.66,64.7,7.7,0.83,0.15,0,1,0,0,4692.69,6
2023-06-06,PRJ-SYNTH-0049,Roads & Highways,Maharashtra,2505.99,4,38,60.14,2.0,1.1,1.2,0.2,0,0,0,0,2693.11,6
2023-06-11,PRJ-SYNTH-0119,Railways,Assam,5354.44,44,60,5062.84,60.6,21.9,1.56,0.6,3,2,1,1,8011.23,45
2023-06-11,PRJ-SYNTH-0243,Power,Gujarat,2921.17,54,78,2632.07,75.1,2.3,1.2,0.15,0,2,0,1,3093.66,20
2023-06-13,PRJ-SYNTH-0132,Power,Gujarat,1929.73,47,60,2155.59,85.9,2.1,1.3,0.15,0,1,0,0,2001.0,1
2023-06-14,PRJ-SYNTH-0213,Ports & Shipping,Gujarat,4475.18,51,74,3998.31,65.2,11.8,1.37,0.15,1,0,1,0,5967.96,15
2023-06-19,PRJ-SYNTH-0155,Petroleum & Natural Gas,Bihar,2388.5,13,44,350.59,19.8,1.2,0.74,0.2,0,1,0,0,2388.5,4
2023-06-19,PRJ-SYNTH-0190,Petroleum & Natural Gas,Gujarat,428.76,55,36,456.97,95.2,4.8,1.12,0.15,0,2,0,1,431.96,21
2023-06-23,PRJ-SYNTH-0247,Power,Bihar,1151.48,59,33,1099.32,91.8,8.2,1.04,0.2,1,0,0,1,1151.48,24
2023-06-24,PRJ-SYNTH-0231,Petroleum & Natural Gas,Assam,903.39,65,64,951.05,90.0,10.0,1.17,0.6,0,2,1,1,1091.21,34
2023-06-24,PRJ-SYNTH-0075,Ports & Shipping,West Bengal,150.09,34,70,66.21,42.8,5.1,1.03,0.25,0,0,0,0,154.68,8
2023-06-24,PRJ-SYNTH-0249,Ports & Shipping,Himachal Pradesh,9673.85,49,48,12086.17,88.0,12.0,1.42,0.7,1,0,1,1,13599.48,33
2023-06-26,PRJ-SYNTH-0026,Petroleum & Natural Gas,Karnataka,2008.97,52,84,1396.51,61.5,6.0,1.13,0.2,1,1,1,0,2786.69,6
2023-06-30,PRJ-SYNTH-0019,Petroleum & Natural Gas,Bihar,763.09,55,61,816.09,92.2,5.1,1.16,0.2,0,0,0,0,789.03,7
2023-07-01,PRJ-SYNTH-0246,Railways,Jammu & Kashmir,1315.83,36,42,1694.35,76.2,18.3,1.69,0.85,2,2,1,1,1895.8,34
2023-07-01,PRJ-SYNTH-0096,Power,Bihar,450.19,57,82,291.05,63.4,14.4,1.02,0.2,0,2,0,0,450.19,7
2023-07-03,PRJ-SYNTH-0002,Roads & Highways,Madhya Pradesh,1585.49,20,43,608.93,40.4,4.4,0.95,0.2,0,0,0,1,1785.14,15
2023-07-05,PRJ-SYNTH-0241,Railways,Andhra Pradesh,851.59,52,90,584.76,65.4,0.0,1.05,0.2,0,2,0,0,923.13,4
2023-07-11,PRJ-SYNTH-0166,Roads & Highways,Assam,2676.17,47,41,3311.47,98.2,1.8,1.26,0.6,0,1,0,1,3143.08,16
2023-07-12,PRJ-SYNTH-0146,Power,Maharashtra,3799.91,55,78,3152.96,72.2,6.8,1.15,0.2,0,0,1,0,4771.01,12
2023-07-17,PRJ-SYNTH-0164,Petroleum & Natural Gas,Bihar,829.11,30,64,371.68,44.0,1.3,1.02,0.2,0,0,0,0,831.33,3
2023-07-20,PRJ-SYNTH-0070,Roads & Highways,Gujarat,979.59,62,81,419.83,76.5,9.6,0.56,0.15,1,2,0,1,979.59,24
2023-07-21,PRJ-SYNTH-0241,Railways,Andhra Pradesh,851.59,53,90,714.96,60.8,2.4,1.38,0.2,1,1,0,0,888.81,8
2023-07-22,PRJ-SYNTH-0045,Ports & Shipping,Himachal Pradesh,443.81,62,96,543.7,73.4,0.0,1.67,0.7,0,0,0,0,559.83,2
2023-07-22,PRJ-SYNTH-0089,Railways,Uttar Pradesh,1093.05,7,39,104.13,7.3,1.2,1.31,0.15,0,0,0,0,1426.15,2
2023-07-23,PRJ-SYNTH-0040,Railways,Madhya Pradesh,2179.86,28,60,1264.98,42.7,2.3,1.36,0.2,0,1,0,0,2614.05,4
2023-07-24,PRJ-SYNTH-0112,Power,Jammu & Kashmir,1763.07,56,81,2031.24,68.2,9.1,1.69,0.85,0,1,1,0,2416.94,11
2023-07-26,PRJ-SYNTH-0248,Railways,Assam,971.98,42,67,852.28,73.7,0.0,1.19,0.6,0,0,0,0,1161.46,6
2023-07-29,PRJ-SYNTH-0136,Power,Jammu & Kashmir,7882.79,59,89,6623.74,65.6,8.0,1.28,0.85,0,1,0,1,8266.59,31
2023-07-30,PRJ-SYNTH-0001,Railways,Tamil Nadu,2898.3,50,65,3040.77,77.7,8.8,1.35,0.15,0,1,0,1,3285.39,29
2023-07-30,PRJ-SYNTH-0078,Roads & Highways,Karnataka,1360.96,64,74,1015.82,92.1,2.9,0.81,0.2,0,1,0,0,1360.96,3
2023-08-01,PRJ-SYNTH-0222,Petroleum & Natural Gas,Karnataka,306.77,47,46,381.48,97.9,2.1,1.27,0.2,0,1,0,1,330.53,8
2023-08-03,PRJ-SYNTH-0156,Power,Bihar,917.24,28,43,1016.63,77.0,0.0,1.44,0.2,0,0,0,0,1108.47,3
2023-08-03,PRJ-SYNTH-0028,Railways,Sikkim,2583.53,9,36,74.41,2.0,13.6,1.44,0.8,2,1,1,1,3791.72,29
2023-08-04,PRJ-SYNTH-0137,Roads & Highways,Maharashtra,859.12,54,83,645.06,67.6,4.3,1.11,0.2,0,1,0,0,891.3,7
2023-08-04,PRJ-SYNTH-0084,Power,Odisha,1105.05,58,94,830.94,58.3,8.9,1.29,0.25,1,1,0,0,1291.6,5
2023-08-05,PRJ-SYNTH-0098,Ports & Shipping,Maharashtra,2316.94,53,58,2576.96,86.2,11.7,1.29,0.2,1,0,1,1,3171.13,25
2023-08-05,PRJ-SYNTH-0092,Power,West Bengal,4537.87,18,35,2077.17,41.6,10.5,1.1,0.25,0,1,0,0,4904.61,10
2023-08-08,PRJ-SYNTH-0016,Power,Uttarakhand,1059.79,56,88,705.97,54.6,15.3,1.22,0.75,1,3,1,1,1407.63,32
2023-08-10,PRJ-SYNTH-0013,Petroleum & Natural Gas,West Bengal,2275.29,47,76,1300.77,65.7,1.7,0.87,0.25,0,1,0,0,2275.29,8
2023-08-12,PRJ-SYNTH-0049,Roads & Highways,Maharashtra,2505.99,6,38,472.01,17.8,0.0,1.06,0.2,0,1,0,0,2861.94,2
2023-08-12,PRJ-SYNTH-0240,Railways,Arunachal Pradesh,4063.55,39,48,4740.97,87.7,3.1,1.33,0.85,0,2,0,0,4680.47,7
2023-08-13,PRJ-SYNTH-0028,Railways,Sikkim,2583.53,9,36,63.55,2.0,13.6,1.23,0.8,1,0,0,0,2871.6,13
2023-08-13,PRJ-SYNTH-0019,Petroleum & Natural Gas,Bihar,763.09,56,61,751.12,80.7,17.4,1.22,0.2,1,0,0,1,826.94,37
2023-08-14,PRJ-SYNTH-0155,Petroleum & Natural Gas,Bihar,2388.5,15,44,598.22,22.4,4.5,1.12,0.2,0,1,0,1,2603.17,27
2023-08-15,PRJ-SYNTH-0070,Roads & Highways,Gujarat,979.59,63,81,1295.14,93.1,0.0,1.42,0.15,0,1,0,0,1103.84,0
2023-08-16,PRJ-SYNTH-0167,Roads & Highways,Arunachal Pradesh,3947.97,57,89,3069.3,39.3,31.2,1.98,0.85,3,3,1,1,5959.26,40
2023-08-17,PRJ-SYNTH-0174,Ports & Shipping,Sikkim,2500.12,55,32,2368.97,83.1,16.9,1.14,0.8,1,2,0,1,2500.12,34
2023-08-17,PRJ-SYNTH-0077,Railways,Tamil Nadu,1963.91,33,57,1206.92,57.4,4.3,1.07,0.15,1,1,0,0,2070.08,3
2023-08-20,PRJ-SYNTH-0070,Roads & Highways,Gujarat,979.59,63,81,1200.19,85.7,1.7,1.43,0.15,0,0,0,0,1172.26,1
2023-08-21,PRJ-SYNTH-0197,Roads & Highways,Bihar,780.81,30,52,453.15,53.7,7.7,1.08,0.2,0,0,0,1,867.42,28
2023-08-23,PRJ-SYNTH-0164,Petroleum & Natural Gas,Bihar,829.11,31,64,393.3,52.1,0.0,0.91,0.2,0,2,0,0,829.11,5
2023-08-24,PRJ-SYNTH-0012,Ports & Shipping,Tamil Nadu,1161.6,30,40,709.01,74.4,10.0,0.82,0.15,1,1,0,0,1213.82,7
2023-08-25,PRJ-SYNTH-0157,Power,Uttar Pradesh,10641.17,54,78,12208.66,76.5,0.9,1.5,0.15,0,0,0,0,11862.81,2
2023-08-28,PRJ-SYNTH-0236,Roads & Highways,Uttarakhand,3301.8,66,82,3279.18,67.1,23.0,1.48,0.75,1,1,1,1,4721.02,40
2023-08-28,PRJ-SYNTH-0191,Petroleum & Natural Gas,Andhra Pradesh,1183.0,62,68,1041.23,85.5,12.3,1.03,0.2,1,0,0,1,1209.92,30
2023-08-29,PRJ-SYNTH-0115,Power,Uttar Pradesh,1506.07,53,66,1376.13,83.1,6.8,1.1,0.15,0,1,0,1,1551.96,24
2023-09-03,PRJ-SYNTH-0250,Petroleum & Natural Gas,Jammu & Kashmir,2656.41,56,53,3362.54,85.5,14.5,1.48,0.85,1,1,1,1,3753.23,33
2023-09-03,PRJ-SYNTH-0128,Ports & Shipping,Assam,1055.76,60,94,624.71,56.9,13.3,1.04,0.6,0,0,0,0,1151.64,7
2023-09-06,PRJ-SYNTH-0077,Railways,Tamil Nadu,1963.91,34,57,2106.85,69.2,0.0,1.55,0.15,0,0,0,0,2445.63,5
2023-09-09,PRJ-SYNTH-0181,Ports & Shipping,Odisha,3276.02,32,65,1672.88,47.3,1.5,1.08,0.25,0,1,0,0,3276.02,0
2023-09-11,PRJ-SYNTH-0158,Railways,Odisha,2835.98,61,61,4562.64,93.0,7.0,1.73,0.25,0,2,0,1,3592.45,25
2023-09-11,PRJ-SYNTH-0130,Roads & Highways,Karnataka,1120.69,33,65,726.16,51.4,0.0,1.26,0.2,0,0,0,0,1266.56,5
2023-09-12,PRJ-SYNTH-0069,Roads & Highways,Gujarat,2549.25,28,38,1265.46,84.1,0.0,0.59,0.15,0,2,0,0,2549.25,0
2023-09-16,PRJ-SYNTH-0206,Ports & Shipping,West Bengal,741.79,34,64,611.98,55.7,0.0,1.48,0.25,0,0,1,0,1050.4,2
2023-09-17,PRJ-SYNTH-0116,Petroleum & Natural Gas,Jammu & Kashmir,2407.8,52,71,2388.87,69.9,12.4,1.42,0.85,1,1,0,1,2557.58,28
2023-09-17,PRJ-SYNTH-0128,Ports & Shipping,Assam,1055.76,61,94,972.14,62.2,9.5,1.48,0.6,1,2,0,1,1285.89,29
2023-09-18,PRJ-SYNTH-0043,Power,Bihar,1619.92,61,84,1516.29,76.7,4.9,1.22,0.2,0,1,0,0,1836.75,13
2023-09-18,PRJ-SYNTH-0111,Power,Tamil Nadu,292.12,63,94,184.76,78.1,0.0,0.81,0.15,0,0,0,0,292.12,4
2023-09-19,PRJ-SYNTH-0173,Petroleum & Natural Gas,Sikkim,1680.34,36,60,1346.87,58.1,6.7,1.38,0.8,0,2,0,1,2026.29,21
2023-09-19,PRJ-SYNTH-0012,Ports & Shipping,Tamil Nadu,1161.6,31,40,1059.37,92.1,0.0,0.99,0.15,0,0,0,0,1295.81,0
2023-09-19,PRJ-SYNTH-0192,Railways,Madhya Pradesh,4078.88,48,83,2113.28,60.2,1.5,0.86,0.2,0,1,0,1,4580.18,19
2023-09-23,PRJ-SYNTH-0142,Ports & Shipping,Uttar Pradesh,6259.06,46,73,4386.36,62.6,6.5,1.12,0.15,1,1,0,0,6511.02,3
2023-09-23,PRJ-SYNTH-0147,Ports & Shipping,Odisha,558.3,57,71,449.18,75.9,14.0,1.06,0.25,0,0,0,0,604.72,12
2023-09-25,PRJ-SYNTH-0130,Roads & Highways,Karnataka,1120.69,33,65,522.97,43.6,7.6,1.07,0.2,1,2,0,1,1215.24,28
2023-09-27,PRJ-SYNTH-0023,Roads & Highways,Gujarat,1927.83,61,70,901.71,89.9,5.6,0.52,0.15,0,1,0,1,1927.83,18
2023-09-29,PRJ-SYNTH-0111,Power,Tamil Nadu,292.12,63,94,234.58,68.6,5.9,1.17,0.15,0,1,0,0,312.19,1
2023-09-30,PRJ-SYNTH-0077,Railways,Tamil Nadu,1963.91,34,57,1485.37,62.0,2.3,1.22,0.15,0,1,0,1,1987.61,23
2023-10-03,PRJ-SYNTH-0094,Petroleum & Natural Gas,Jammu & Kashmir,1324.41,53,49,1542.64,80.3,19.7,1.45,0.85,0,2,1,1,1798.03,35
2023-10-04,PRJ-SYNTH-0022,Power,Maharashtra,1459.01,60,81,1246.05,74.9,8.4,1.14,0.2,0,0,0,0,1560.35,11
2023-10-04,PRJ-SYNTH-0230,Railways,Andhra Pradesh,3448.24,41,65,2159.94,70.4,0.0,0.89,0.2,0,0,0,0,3448.24,2
2023-10-07,PRJ-SYNTH-0163,Ports & Shipping,Himachal Pradesh,5435.28,39,49,6386.82,73.4,15.8,1.6,0.7,2,2,1,1,7676.66,30
2023-10-08,PRJ-SYNTH-0148,Power,Uttarakhand,515.72,60,83,543.69,77.0,4.2,1.37,0.75,0,1,0,1,576.99,22
2023-10-08,PRJ-SYNTH-0002,Roads & Highways,Madhya Pradesh,1585.49,23,43,1150.96,54.6,0.6,1.33,0.2,0,0,0,0,1759.81,0
2023-10-09,PRJ-SYNTH-0204,Railways,Gujarat,4920.24,48,51,4157.66,96.0,3.0,0.88,0.15,0,2,0,0,4920.24,1
2023-10-09,PRJ-SYNTH-0174,Ports & Shipping,Sikkim,2500.12,56,32,2049.93,79.6,20.4,1.03,0.8,1,1,0,1,2500.12,31
2023-10-11,PRJ-SYNTH-0062,Ports & Shipping,Jammu & Kashmir,1515.69,65,91,1213.55,68.4,11.8,1.17,0.85,1,2,1,1,2074.18,31
2023-10-14,PRJ-SYNTH-0170,Power,Himachal Pradesh,883.55,60,73,812.71,62.6,29.0,1.47,0.7,3,1,1,1,1175.0,44
2023-10-16,PRJ-SYNTH-0098,Ports & Shipping,Maharashtra,2316.94,56,58,2216.95,95.7,4.0,1.0,0.2,0,0,0,1,2316.94,14
2023-10-16,PRJ-SYNTH-0208,Ports & Shipping,Maharashtra,2945.68,49,71,2554.93,70.5,6.6,1.23,0.2,0,1,0,1,3054.67,22
2023-10-19,PRJ-SYNTH-0077,Railways,Tamil Nadu,1963.91,35,57,1969.29,72.7,0.0,1.38,0.15,0,2,0,0,2300.79,1
2023-10-25,PRJ-SYNTH-0144,Ports & Shipping,Uttar Pradesh,2154.69,58,33,1514.53,99.0,1.0,0.71,0.15,0,1,0,1,2154.69,24
2023-10-26,PRJ-SYNTH-0154,Ports & Shipping,Odisha,2254.4,45,62,2496.3,78.0,3.6,1.42,0.25,0,1,1,0,2887.34,6
2023-10-26,PRJ-SYNTH-0043,Power,Bihar,1619.92,62,84,1189.34,86.4,0.0,0.85,0.2,0,1,0,0,1619.92,0
2023-10-26,PRJ-SYNTH-0082,Railways,Tamil Nadu,2538.32,51,49,3266.82,99.0,1.0,1.3,0.15,1,1,0,1,2602.67,21
2023-10-30,PRJ-SYNTH-0226,Railways,Arunachal Pradesh,5087.3,36,49,4898.26,63.3,19.3,1.52,0.85,1,1,1,1,6843.08,37
2023-10-30,PRJ-SYNTH-0140,Petroleum & Natural Gas,Jammu & Kashmir,561.54,37,58,420.54,44.1,26.1,1.7,0.85,3,2,1,1,815.43,47
2023-11-01,PRJ-SYNTH-0166,Roads & Highways,Assam,2676.17,51,41,3107.53,86.7,13.3,1.34,0.6,0,1,0,1,3085.71,25
2023-11-02,PRJ-SYNTH-0248,Railways,Assam,971.98,45,67,531.05,69.2,5.5,0.79,0.6,0,2,0,1,971.98,24
2023-11-04,PRJ-SYNTH-0221,Ports & Shipping,Sikkim,16300.09,56,36,15170.1,80.2,19.8,1.16,0.8,1,0,1,1,22042.35,29
2023-11-04,PRJ-SYNTH-0248,Railways,Assam,971.98,46,67,610.56,55.1,21.6,1.14,0.6,2,2,0,1,984.09,31
2023-11-07,PRJ-SYNTH-0025,Roads & Highways,Karnataka,1077.97,32,61,674.41,50.1,3.6,1.25,0.2,0,0,0,1,1232.35,18
2023-11-09,PRJ-SYNTH-0151,Railways,Maharashtra,2293.81,56,61,2375.3,92.5,5.6,1.12,0.2,0,1,0,0,2293.81,9
2023-11-11,PRJ-SYNTH-0185,Railways,Maharashtra,1462.22,61,67,1468.86,88.9,8.8,1.13,0.2,0,2,0,1,1538.04,26
2023-11-20,PRJ-SYNTH-0071,Petroleum & Natural Gas,Madhya Pradesh,2548.67,59,35,3024.64,95.7,4.3,1.24,0.2,0,0,1,1,3210.41,29
2023-11-22,PRJ-SYNTH-0200,Roads & Highways,Maharashtra,610.44,51,66,581.4,76.8,10.1,1.24,0.2,1,0,0,1,678.6,20
2023-11-23,PRJ-SYNTH-0102,Power,Karnataka,1212.44,67,95,859.59,69.5,9.6,1.02,0.2,0,0,0,0,1212.44,11
2023-11-25,PRJ-SYNTH-0248,Railways,Assam,971.98,46,67,960.34,60.2,16.5,1.64,0.6,2,1,1,1,1297.04,31
2023-11-25,PRJ-SYNTH-0126,Railways,Arunachal Pradesh,14485.93,62,61,17784.45,79.2,20.8,1.55,0.85,1,2,0,1,17187.64,34
2023-11-29,PRJ-SYNTH-0154,Ports & Shipping,Odisha,2254.4,46,62,2300.08,88.7,0.0,1.15,0.25,0,1,0,0,2254.4,6
2023-12-01,PRJ-SYNTH-0089,Railways,Uttar Pradesh,1093.05,11,39,154.56,16.3,3.1,0.87,0.15,0,0,0,0,1093.05,9
2023-12-01,PRJ-SYNTH-0029,Roads & Highways,Tamil Nadu,1021.87,25,50,617.88,51.7,0.0,1.17,0.15,0,0,0,0,1182.26,5
2023-12-02,PRJ-SYNTH-0114,Petroleum & Natural Gas,Bihar,18771.22,43,68,18346.69,66.0,3.4,1.48,0.2,0,0,0,0,21936.78,6
2023-12-03,PRJ-SYNTH-0096,Power,Bihar,450.19,62,82,445.18,83.1,2.0,1.19,0.2,0,0,0,0,479.35,3
2023-12-03,PRJ-SYNTH-0005,Petroleum & Natural Gas,Uttar Pradesh,1447.44,27,55,528.23,42.9,5.7,0.85,0.15,1,1,0,0,1447.44,12
2023-12-10,PRJ-SYNTH-0200,Roads & Highways,Maharashtra,610.44,52,66,535.02,90.4,0.0,0.97,0.2,0,2,0,0,610.44,8
2023-12-12,PRJ-SYNTH-0117,Ports & Shipping,Arunachal Pradesh,1749.39,37,57,1251.47,44.2,27.5,1.62,0.85,2,0,1,1,2406.97,43
2023-12-13,PRJ-SYNTH-0057,Roads & Highways,Tamil Nadu,814.64,58,54,902.25,96.3,3.7,1.15,0.15,0,2,0,1,822.94,17
2023-12-14,PRJ-SYNTH-0169,Roads & Highways,Assam,1432.08,67,92,1256.59,67.0,14.9,1.31,0.6,1,2,1,0,1768.99,18
2023-12-16,PRJ-SYNTH-0085,Railways,Karnataka,838.77,28,41,846.01,77.6,0.0,1.3,0.2,0,1,0,0,975.56,1
2023-12-18,PRJ-SYNTH-0078,Roads & Highways,Karnataka,1360.96,69,74,1635.69,97.7,1.0,1.23,0.2,0,0,0,0,1538.71,7
2023-12-23,PRJ-SYNTH-0248,Railways,Assam,971.98,47,67,880.84,69.2,9.4,1.31,0.6,1,2,1,0,1193.95,13
2023-12-23,PRJ-SYNTH-0193,Petroleum & Natural Gas,Madhya Pradesh,2215.84,56,78,2379.64,83.2,0.0,1.29,0.2,1,1,0,1,2429.48,19
2023-12-23,PRJ-SYNTH-0066,Power,Odisha,6557.92,67,57,5388.64,99.0,1.0,0.83,0.25,0,2,0,0,6557.92,0
2023-12-23,PRJ-SYNTH-0120,Roads & Highways,Madhya Pradesh,3693.52,70,48,4297.74,96.2,3.8,1.21,0.2,1,3,0,1,3858.45,24
2023-12-26,PRJ-SYNTH-0231,Petroleum & Natural Gas,Assam,903.39,71,64,1296.62,81.6,18.4,1.76,0.6,2,1,1,1,1318.02,36
2023-12-28,PRJ-SYNTH-0138,Petroleum & Natural Gas,Uttar Pradesh,1331.47,55,78,873.89,81.0,0.0,0.81,0.15,0,1,0,0,1331.47,2
2023-12-31,PRJ-SYNTH-0026,Petroleum & Natural Gas,Karnataka,2008.97,58,84,1144.48,68.6,8.6,0.83,0.2,0,2,0,0,2008.97,6
2024-01-02,PRJ-SYNTH-0207,Ports & Shipping,Sikkim,2949.18,31,40,2528.45,69.7,17.4,1.23,0.8,1,2,1,1,3435.46,30
2024-01-05,PRJ-SYNTH-0073,Roads & Highways,Karnataka,1747.54,64,70,1970.2,90.2,7.7,1.25,0.2,0,0,0,1,1747.54,17
2024-01-06,PRJ-SYNTH-0169,Roads & Highways,Assam,1432.08,68,92,1758.33,70.6,12.5,1.74,0.6,1,0,0,0,1848.51,8
2024-01-08,PRJ-SYNTH-0237,Ports & Shipping,Assam,264.04,59,78,250.29,67.7,17.4,1.4,0.6,2,1,0,1,298.83,25
2024-01-09,PRJ-SYNTH-0204,Railways,Gujarat,4920.24,51,51,5804.62,95.1,4.9,1.24,0.15,0,0,0,1,4920.24,18
2024-01-11,PRJ-SYNTH-0014,Railways,Odisha,293.65,41,35,313.58,93.7,6.3,1.14,0.25,1,3,0,1,296.35,24
2024-01-11,PRJ-SYNTH-0185,Railways,Maharashtra,1462.22,63,67,1517.53,91.8,7.2,1.13,0.2,1,0,0,1,1485.75,24
2024-01-14,PRJ-SYNTH-0195,Petroleum & Natural Gas,Maharashtra,2131.37,21,42,1391.65,48.4,1.6,1.35,0.2,1,0,1,0,3128.45,2
2024-01-15,PRJ-SYNTH-0039,Railways,Uttar Pradesh,511.95,62,76,265.59,83.7,7.4,0.62,0.15,0,2,0,0,511.95,11
2024-01-19,PRJ-SYNTH-0240,Railways,Arunachal Pradesh,4063.55,45,48,5050.57,82.9,16.0,1.5,0.85,0,1,1,1,5071.44,30
2024-01-20,PRJ-SYNTH-0066,Power,Odisha,6557.92,68,57,5067.72,94.2,5.8,0.82,0.25,0,0,0,1,6818.42,19
2024-01-23,PRJ-SYNTH-0159,Petroleum & Natural Gas,West Bengal,583.04,19,45,221.9,27.2,11.2,1.4,0.25,0,1,0,0,676.92,20
2024-01-25,PRJ-SYNTH-0168,Power,Uttarakhand,10959.41,6,33,271.79,2.0,6.7,1.24,0.75,1,0,0,0,11985.62,0
2024-01-25,PRJ-SYNTH-0089,Railways,Uttar Pradesh,1093.05,13,39,234.48,15.8,10.1,1.36,0.15,0,1,0,1,1146.84,22
2024-01-25,PRJ-SYNTH-0171,Petroleum & Natural Gas,Karnataka,776.63,3,31,20.81,2.0,0.6,1.34,0.2,0,2,0,0,943.47,2
2024-01-28,PRJ-SYNTH-0097,Roads & Highways,Karnataka,2395.42,47,43,2774.61,99.0,1.0,1.17,0.2,0,0,0,0,2520.05,0
2024-01-29,PRJ-SYNTH-0202,Ports & Shipping,Odisha,3080.19,36,44,3474.29,94.0,0.0,1.2,0.25,1,2,1,0,4149.5,10
2024-01-30,PRJ-SYNTH-0210,Power,Uttar Pradesh,70269.63,49,35,66088.59,99.0,1.0,0.95,0.15,0,0,0,0,70269.63,0
2024-01-31,PRJ-SYNTH-0024,Ports & Shipping,Sikkim,467.07,70,88,465.93,68.3,20.9,1.46,0.8,2,2,1,1,635.13,36
2024-02-01,PRJ-SYNTH-0241,Railways,Andhra Pradesh,851.59,59,90,527.88,63.3,9.3,0.98,0.2,0,2,1,0,920.27,10
2024-02-02,PRJ-SYNTH-0215,Power,Bihar,1340.09,56,82,883.28,68.0,8.2,0.97,0.2,0,0,0,0,1340.09,8
2024-02-12,PRJ-SYNTH-0159,Petroleum & Natural Gas,West Bengal,583.04,19,45,191.51,36.1,2.3,0.91,0.25,0,3,0,0,583.04,6
2024-02-12,PRJ-SYNTH-0200,Roads & Highways,Maharashtra,610.44,54,66,890.14,90.6,0.7,1.61,0.2,1,1,0,0,793.37,3
2024-02-15,PRJ-SYNTH-0232,Power,West Bengal,2220.83,71,92,2736.15,75.6,11.1,1.63,0.25,1,0,1,0,3236.94,15
2024-02-16,PRJ-SYNTH-0090,Petroleum & Natural Gas,Andhra Pradesh,2944.23,23,34,2139.68,70.6,4.8,1.03,0.2,0,0,0,0,3121.15,10
2024-02-16,PRJ-SYNTH-0176,Petroleum & Natural Gas,West Bengal,3967.23,57,77,4390.34,83.2,0.1,1.33,0.25,0,0,0,0,4731.43,7
2024-02-18,PRJ-SYNTH-0079,Power,Madhya Pradesh,1972.73,63,66,1894.41,99.0,0.4,0.97,0.2,0,2,0,0,2000.53,0
2024-02-18,PRJ-SYNTH-0121,Roads & Highways,Maharashtra,3833.3,63,90,3201.16,64.2,14.2,1.3,0.2,0,2,0,1,4006.57,30
2024-02-19,PRJ-SYNTH-0090,Petroleum & Natural Gas,Andhra Pradesh,2944.23,23,34,1905.32,66.7,8.7,0.97,0.2,0,1,0,1,2972.9,24
2024-02-20,PRJ-SYNTH-0095,Roads & Highways,Bihar,1245.76,72,82,1174.24,87.3,8.6,1.08,0.2,0,1,0,1,1309.69,24
2024-02-23,PRJ-SYNTH-0133,Power,Assam,659.06,64,40,853.4,92.5,7.5,1.4,0.6,1,1,1,1,867.45,18
2024-02-23,PRJ-SYNTH-0202,Ports & Shipping,Odisha,3080.19,37,44,3192.41,87.8,5.4,1.18,0.25,0,0,0,1,3548.58,17
2024-02-27,PRJ-SYNTH-0102,Power,Karnataka,1212.44,70,95,1540.64,80.4,2.5,1.58,0.2,1,0,1,0,1747.41,3
2024-02-29,PRJ-SYNTH-0042,Roads & Highways,Andhra Pradesh,2127.71,64,90,2060.25,80.0,0.0,1.21,0.2,0,0,0,0,2127.71,6
2024-03-03,PRJ-SYNTH-0091,Ports & Shipping,Andhra Pradesh,1982.72,71,46,1561.0,97.2,2.8,0.81,0.2,0,1,0,1,1982.72,29
2024-03-03,PRJ-SYNTH-0056,Railways,Tamil Nadu,4379.62,62,81,4676.72,78.5,7.6,1.36,0.15,1,1,1,0,5618.69,15
2024-03-04,PRJ-SYNTH-0036,Power,Tamil Nadu,566.91,70,94,570.89,82.5,1.3,1.22,0.15,0,0,0,0,660.86,0
2024-03-06,PRJ-SYNTH-0222,Petroleum & Natural Gas,Karnataka,306.77,54,46,404.57,92.9,7.1,1.42,0.2,1,2,0,1,355.32,18
2024-03-08,PRJ-SYNTH-0007,Railways,Karnataka,8105.13,27,50,4802.69,49.0,7.0,1.21,0.2,0,1,0,0,8618.43,10
2024-03-12,PRJ-SYNTH-0207,Ports & Shipping,Sikkim,2949.18,34,40,2529.16,64.5,29.4,1.33,0.8,4,0,1,1,3939.75,46
2024-03-13,PRJ-SYNTH-0019,Petroleum & Natural Gas,Bihar,763.09,63,61,853.41,83.5,16.5,1.34,0.2,1,2,1,1,1053.24,29
2024-03-16,PRJ-SYNTH-0235,Roads & Highways,Assam,13859.79,36,60,7196.58,47.6,17.2,1.09,0.6,2,0,0,1,13859.79,31
2024-03-18,PRJ-SYNTH-0232,Power,West Bengal,2220.83,72,92,978.61,77.3,10.6,0.57,0.25,0,3,0,1,2220.83,27
2024-03-19,PRJ-SYNTH-0075,Ports & Shipping,West Bengal,150.09,43,70,77.19,52.0,14.8,0.99,0.25,1,1,0,1,150.09,25
2024-03-20,PRJ-SYNTH-0049,Roads & Highways,Maharashtra,2505.99,13,38,610.77,20.7,6.4,1.18,0.2,0,2,0,1,2524.8,18
2024-03-21,PRJ-SYNTH-0217,Power,Gujarat,867.67,52,62,1198.55,86.9,6.1,1.59,0.15,1,0,1,1,1101.3,23
2024-03-25,PRJ-SYNTH-0020,Ports & Shipping,Arunachal Pradesh,472.63,37,64,428.52,56.0,5.6,1.62,0.85,1,2,0,1,569.88,19
2024-03-25,PRJ-SYNTH-0019,Petroleum & Natural Gas,Bihar,763.09,63,61,740.35,99.0,1.0,0.98,0.2,0,0,0,0,816.63,5
2024-03-26,PRJ-SYNTH-0243,Power,Gujarat,2921.17,64,78,2783.86,80.8,10.7,1.18,0.15,0,1,0,1,3162.99,27
2024-03-27,PRJ-SYNTH-0132,Power,Gujarat,1929.73,56,60,1776.7,99.0,0.0,0.93,0.15,0,0,0,0,2102.49,5
2024-03-29,PRJ-SYNTH-0202,Ports & Shipping,Odisha,3080.19,38,44,2707.25,97.7,0.0,0.9,0.25,0,1,0,0,3080.19,0
2024-04-04,PRJ-SYNTH-0002,Roads & Highways,Madhya Pradesh,1585.49,29,43,1485.69,78.1,0.0,1.2,0.2,0,0,0,0,1714.24,6
2024-04-04,PRJ-SYNTH-0142,Ports & Shipping,Uttar Pradesh,6259.06,52,73,6029.88,83.8,0.0,1.15,0.15,0,0,0,0,6684.45,0
2024-04-07,PRJ-SYNTH-0088,Petroleum & Natural Gas,Arunachal Pradesh,2470.84,56,84,1682.93,56.8,17.3,1.2,0.85,1,1,1,1,3015.18,33
2024-04-09,PRJ-SYNTH-0117,Ports & Shipping,Arunachal Pradesh,1749.39,40,57,1377.5,61.0,17.6,1.29,0.85,3,1,1,1,2172.26,34
2024-04-10,PRJ-SYNTH-0030,Petroleum & Natural Gas,Jammu & Kashmir,1370.45,49,38,1585.0,83.2,16.8,1.39,0.85,1,1,1,1,1757.9,32
2024-04-15,PRJ-SYNTH-0237,Ports & Shipping,Assam,264.04,62,78,317.22,71.5,17.6,1.68,0.6,2,1,1,1,376.62,36
2024-04-16,PRJ-SYNTH-0018,Power,Odisha,2437.03,34,39,3084.71,88.5,7.0,1.43,0.25,2,1,1,1,3133.48,26
2024-04-17,PRJ-SYNTH-0191,Petroleum & Natural Gas,Andhra Pradesh,1183.0,69,68,1520.69,85.1,14.9,1.51,0.2,2,0,0,1,1395.34,20
2024-04-19,PRJ-SYNTH-0034,Roads & Highways,Jammu & Kashmir,661.94,75,88,771.88,72.9,21.2,1.6,0.85,1,1,1,1,866.85,36
2024-04-22,PRJ-SYNTH-0173,Petroleum & Natural Gas,Sikkim,1680.34,43,60,1768.32,66.2,14.3,1.59,0.8,2,2,1,1,2119.35,32
2024-04-22,PRJ-SYNTH-0034,Roads & Highways,Jammu & Kashmir,661.94,75,88,735.97,69.5,24.6,1.6,0.85,1,0,1,1,970.67,36
2024-04-23,PRJ-SYNTH-0057,Roads & Highways,Tamil Nadu,814.64,62,54,596.81,99.0,1.0,0.74,0.15,0,1,0,0,814.64,1
2024-04-26,PRJ-SYNTH-0111,Power,Tamil Nadu,292.12,70,94,317.04,86.1,0.0,1.26,0.15,0,1,0,0,312.12,0
2024-05-01,PRJ-SYNTH-0163,Ports & Shipping,Himachal Pradesh,5435.28,46,49,5095.26,86.8,12.1,1.08,0.7,0,1,0,1,5563.45,28
2024-05-03,PRJ-SYNTH-0044,Power,Odisha,1358.25,54,81,1716.75,74.8,0.0,1.69,0.25,1,2,1,1,1925.25,9
2024-05-05,PRJ-SYNTH-0242,Power,Karnataka,1621.33,54,80,1298.84,71.5,3.7,1.12,0.2,1,0,0,0,1920.76,6
2024-05-06,PRJ-SYNTH-0069,Roads & Highways,Gujarat,2549.25,36,38,1566.99,87.8,11.4,0.7,0.15,0,0,0,1,2575.3,27
2024-05-06,PRJ-SYNTH-0132,Power,Gujarat,1929.73,57,60,1835.07,93.2,6.1,1.02,0.15,0,1,0,0,2190.05,10
2024-05-08,PRJ-SYNTH-0231,Petroleum & Natural Gas,Assam,903.39,76,64,1106.25,90.7,9.3,1.35,0.6,1,2,1,1,1237.54,28
2024-05-10,PRJ-SYNTH-0209,Railways,Karnataka,2949.22,60,41,2958.94,91.2,8.8,1.1,0.2,0,1,0,1,3164.67,21
2024-05-11,PRJ-SYNTH-0021,Power,Madhya Pradesh,7276.22,60,37,8500.08,99.0,1.0,1.18,0.2,0,0,0,0,8741.77,7
2024-05-11,PRJ-SYNTH-0248,Railways,Assam,971.98,52,67,1346.84,87.1,0.1,1.59,0.6,0,1,1,0,1292.26,0
2024-05-14,PRJ-SYNTH-0143,Roads & Highways,Uttarakhand,392.64,74,89,302.93,76.4,16.0,1.01,0.75,1,1,0,1,411.75,27
2024-05-15,PRJ-SYNTH-0224,Roads & Highways,Madhya Pradesh,390.69,75,69,349.03,95.0,5.0,0.94,0.2,0,1,0,1,390.69,17
2024-05-16,PRJ-SYNTH-0237,Ports & Shipping,Assam,264.04,63,78,293.83,86.9,3.4,1.28,0.6,0,1,0,1,283.62,15
2024-05-16,PRJ-SYNTH-0103,Railways,Assam,1305.6,58,44,1978.84,94.7,5.3,1.6,0.6,1,0,1,1,1794.4,32
2024-05-16,PRJ-SYNTH-0017,Roads & Highways,Himachal Pradesh,690.77,64,77,757.78,78.9,13.5,1.39,0.7,1,1,0,1,739.6,22
2024-05-20,PRJ-SYNTH-0028,Railways,Sikkim,2583.53,18,36,992.91,23.2,26.8,1.66,0.8,3,1,1,1,3523.0,43
2024-05-20,PRJ-SYNTH-0127,Roads & Highways,Arunachal Pradesh,705.56,65,89,667.86,59.2,22.9,1.6,0.85,2,3,1,1,933.79,37
2024-05-24,PRJ-SYNTH-0170,Power,Himachal Pradesh,883.55,67,73,903.75,86.7,11.4,1.18,0.7,1,2,0,1,943.49,32
2024-05-24,PRJ-SYNTH-0024,Ports & Shipping,Sikkim,467.07,74,88,492.16,82.3,10.9,1.28,0.8,1,2,0,1,481.43,31
2024-05-25,PRJ-SYNTH-0114,Petroleum & Natural Gas,Bihar,18771.22,49,68,12655.36,85.3,0.0,0.79,0.2,0,3,0,1,18771.22,17
2024-05-27,PRJ-SYNTH-0028,Railways,Sikkim,2583.53,18,36,948.42,21.3,28.7,1.72,0.8,4,1,1,1,3979.86,42
2024-05-31,PRJ-SYNTH-0153,Ports & Shipping,Andhra Pradesh,947.64,39,44,624.98,84.6,11.8,0.78,0.2,0,0,0,1,947.64,26
2024-06-02,PRJ-SYNTH-0212,Petroleum & Natural Gas,Bihar,5317.65,60,85,3260.57,65.9,13.2,0.93,0.2,0,1,0,1,5317.65,34
2024-06-03,PRJ-SYNTH-0128,Ports & Shipping,Assam,1055.76,69,94,1071.92,63.5,19.0,1.6,0.6,3,1,1,1,1549.83,31
2024-06-05,PRJ-SYNTH-0132,Power,Gujarat,1929.73,58,60,2235.21,99.0,0.7,1.17,0.15,0,1,0,0,2073.69,6
2024-06-10,PRJ-SYNTH-0082,Railways,Tamil Nadu,2538.32,59,49,3142.35,91.0,9.0,1.36,0.15,1,0,0,1,2693.06,23
2024-06-10,PRJ-SYNTH-0206,Ports & Shipping,West Bengal,741.79,43,64,494.69,65.4,9.4,1.02,0.25,1,0,0,0,741.79,14
2024-06-11,PRJ-SYNTH-0037,Power,Andhra Pradesh,2204.86,41,50,2160.81,89.1,2.3,1.1,0.2,0,1,0,1,2446.71,20
2024-06-12,PRJ-SYNTH-0198,Roads & Highways,Gujarat,2092.34,22,30,1218.87,82.0,0.5,0.71,0.15,0,1,0,0,2092.34,4
2024-06-14,PRJ-SYNTH-0024,Ports & Shipping,Sikkim,467.07,75,88,581.98,71.2,22.9,1.75,0.8,3,2,1,1,705.1,30
2024-06-15,PRJ-SYNTH-0136,Power,Jammu & Kashmir,7882.79,70,89,8748.01,66.9,21.4,1.66,0.85,2,2,1,1,10886.7,37
2024-06-19,PRJ-SYNTH-0028,Railways,Sikkim,2583.53,19,36,1376.49,39.8,14.4,1.34,0.8,1,1,0,0,2604.61,12
2024-06-19,PRJ-SYNTH-0202,Ports & Shipping,Odisha,3080.19,40,44,3595.15,82.2,15.5,1.42,0.25,1,0,0,1,3527.44,38
2024-06-24,PRJ-SYNTH-0218,Ports & Shipping,Tamil Nadu,1443.78,70,95,1269.87,86.2,0.0,1.02,0.15,0,0,0,0,1443.78,0
2024-06-27,PRJ-SYNTH-0113,Roads & Highways,Andhra Pradesh,1914.51,65,83,1964.74,83.4,4.5,1.23,0.2,2,0,0,1,2214.52,23
2024-06-29,PRJ-SYNTH-0227,Petroleum & Natural Gas,West Bengal,1921.89,50,64,1455.44,83.2,4.5,0.91,0.25,0,1,0,0,2022.28,7
2024-06-30,PRJ-SYNTH-0229,Ports & Shipping,Andhra Pradesh,916.41,37,54,625.9,69.0,7.5,0.99,0.2,2,1,0,1,929.46,26
2024-07-02,PRJ-SYNTH-0108,Ports & Shipping,Maharashtra,2134.2,8,30,264.17,14.2,3.3,0.87,0.2,0,2,0,0,2134.2,4
2024-07-04,PRJ-SYNTH-0016,Power,Uttarakhand,1059.79,67,88,777.16,67.9,17.7,1.08,0.75,1,1,0,1,1064.22,31
2024-07-04,PRJ-SYNTH-0168,Power,Uttarakhand,10959.41,11,33,3483.39,23.7,2.2,1.34,0.75,1,1,1,0,14494.5,5
2024-07-07,PRJ-SYNTH-0081,Railways,West Bengal,1467.49,60,47,1539.71,92.9,7.1,1.13,0.25,1,0,0,1,1567.73,29
2024-07-08,PRJ-SYNTH-0060,Petroleum & Natural Gas,Arunachal Pradesh,4567.71,74,42,7341.24,84.1,15.9,1.91,0.85,3,0,1,1,6900.19,30
2024-07-09,PRJ-SYNTH-0038,Petroleum & Natural Gas,Uttar Pradesh,280.99,61,71,208.0,84.1,10.5,0.88,0.15,0,0,0,0,280.99,6
2024-07-09,PRJ-SYNTH-0025,Roads & Highways,Karnataka,1077.97,40,61,697.21,71.9,0.7,0.9,0.2,0,2,0,0,1077.97,0
2024-07-10,PRJ-SYNTH-0093,Roads & Highways,Odisha,928.02,54,43,935.4,94.2,5.8,1.07,0.25,0,0,0,1,928.02,22
2024-07-12,PRJ-SYNTH-0075,Ports & Shipping,West Bengal,150.09,47,70,57.51,72.3,2.4,0.53,0.25,0,0,0,0,150.09,3
2024-07-12,PRJ-SYNTH-0108,Ports & Shipping,Maharashtra,2134.2,8,30,470.7,17.0,0.5,1.3,0.2,0,2,0,0,2603.5,6
2024-07-12,PRJ-SYNTH-0060,Petroleum & Natural Gas,Arunachal Pradesh,4567.71,75,42,4790.77,84.6,15.4,1.24,0.85,0,0,0,1,5224.88,31
2024-07-13,PRJ-SYNTH-0020,Ports & Shipping,Arunachal Pradesh,472.63,40,64,407.97,54.6,13.8,1.58,0.85,0,0,1,0,617.45,14
2024-07-17,PRJ-SYNTH-0193,Petroleum & Natural Gas,Madhya Pradesh,2215.84,63,78,2435.93,93.2,0.0,1.18,0.2,0,1,0,0,2344.54,0
2024-07-18,PRJ-SYNTH-0136,Power,Jammu & Kashmir,7882.79,71,89,10357.77,80.6,8.8,1.63,0.85,1,1,1,1,10924.38,18
2024-07-19,PRJ-SYNTH-0222,Petroleum & Natural Gas,Karnataka,306.77,59,46,221.7,99.0,1.0,0.73,0.2,0,0,0,0,306.77,0
2024-07-19,PRJ-SYNTH-0105,Petroleum & Natural Gas,Tamil Nadu,1551.19,67,85,2094.87,87.7,0.7,1.54,0.15,0,1,0,0,1992.12,4
2024-07-19,PRJ-SYNTH-0089,Railways,Uttar Pradesh,1093.05,19,39,302.22,44.6,3.5,0.62,0.15,0,0,0,0,1179.49,14
2024-07-21,PRJ-SYNTH-0014,Railways,Odisha,293.65,48,35,308.16,99.0,1.0,1.06,0.25,0,0,0,0,293.65,0
2024-07-23,PRJ-SYNTH-0164,Petroleum & Natural Gas,Bihar,829.11,42,64,639.86,60.8,11.9,1.27,0.2,1,1,0,1,864.07,34
2024-07-23,PRJ-SYNTH-0080,Petroleum & Natural Gas,Arunachal Pradesh,273.64,78,68,452.81,94.0,6.0,1.76,0.85,1,0,1,1,399.72,21
2024-07-23,PRJ-SYNTH-0114,Petroleum & Natural Gas,Bihar,18771.22,51,68,19901.33,78.5,5.9,1.35,0.2,0,1,0,0,18771.22,3
2024-07-25,PRJ-SYNTH-0217,Power,Gujarat,867.67,57,62,936.39,94.7,3.5,1.14,0.15,1,1,0,0,933.73,4
2024-07-27,PRJ-SYNTH-0120,Roads & Highways,Madhya Pradesh,3693.52,77,48,5408.62,92.7,7.3,1.58,0.2,1,0,1,1,4898.75,26
2024-07-28,PRJ-SYNTH-0056,Railways,Tamil Nadu,4379.62,67,81,5199.27,86.0,6.1,1.38,0.15,0,2,0,1,5041.87,18
2024-07-31,PRJ-SYNTH-0060,Petroleum & Natural Gas,Arunachal Pradesh,4567.71,75,42,5963.19,84.8,15.2,1.54,0.85,3,1,1,1,6254.32,26
2024-08-03,PRJ-SYNTH-0182,Railways,West Bengal,800.87,59,54,695.75,98.7,1.3,0.88,0.25,1,1,0,1,800.87,21
2024-08-04,PRJ-SYNTH-0098,Ports & Shipping,Maharashtra,2316.94,65,58,3200.03,91.5,8.5,1.51,0.2,1,1,0,1,2870.03,20
2024-08-06,PRJ-SYNTH-0249,Ports & Shipping,Himachal Pradesh,9673.85,62,48,9245.18,79.0,21.0,1.21,0.7,2,2,0,1,9673.85,39
2024-08-08,PRJ-SYNTH-0091,Ports & Shipping,Andhra Pradesh,1982.72,76,46,1803.0,90.9,9.1,1.0,0.2,0,3,0,1,2029.72,33
2024-08-10,PRJ-SYNTH-0188,Railways,Bihar,1687.18,47,62,1519.81,83.4,1.9,1.08,0.2,0,3,0,0,1687.18,0
2024-08-11,PRJ-SYNTH-0164,Petroleum & Natural Gas,Bihar,829.11,43,64,471.39,69.3,5.5,0.82,0.2,0,2,0,0,829.11,3
2024-08-11,PRJ-SYNTH-0018,Power,Odisha,2437.03,38,39,2406.27,97.8,2.0,1.01,0.25,0,1,0,1,2437.03,22
2024-08-12,PRJ-SYNTH-0033,Power,Karnataka,1785.01,59,44,1413.73,99.0,1.0,0.8,0.2,0,1,0,0,1785.01,9
2024-08-13,PRJ-SYNTH-0128,Ports & Shipping,Assam,1055.76,72,94,1238.17,70.2,15.9,1.67,0.6,2,1,1,1,1558.96,29
2024-08-18,PRJ-SYNTH-0103,Railways,Assam,1305.6,62,44,1586.08,85.6,14.4,1.42,0.6,1,0,0,1,1627.41,26
2024-08-22,PRJ-SYNTH-0201,Railways,Arunachal Pradesh,2539.95,61,59,3022.86,85.0,15.0,1.4,0.85,1,2,0,1,2950.14,19
2024-08-22,PRJ-SYNTH-0216,Ports & Shipping,West Bengal,3718.3,18,34,2977.54,52.7,1.7,1.52,0.25,1,3,1,0,4927.22,3
2024-08-23,PRJ-SYNTH-0148,Power,Uttarakhand,515.72,71,83,687.22,66.6,27.7,2.0,0.75,4,1,1,1,782.66,44
2024-08-24,PRJ-SYNTH-0143,Roads & Highways,Uttarakhand,392.64,77,89,495.88,85.9,9.1,1.47,0.75,0,2,1,1,524.36,28
2024-08-24,PRJ-SYNTH-0186,Railways,Sikkim,3562.79,41,31,4323.41,88.6,11.4,1.37,0.8,0,1,0,1,4293.03,32
2024-08-26,PRJ-SYNTH-0248,Railways,Assam,971.98,55,67,1006.37,82.2,9.3,1.26,0.6,1,1,0,1,1039.17,22
2024-08-26,PRJ-SYNTH-0036,Power,Tamil Nadu,566.91,76,94,610.42,88.3,2.1,1.22,0.15,1,1,0,1,598.35,18
2024-08-29,PRJ-SYNTH-0219,Petroleum & Natural Gas,Uttar Pradesh,1140.14,73,89,1081.87,88.7,2.8,1.07,0.15,0,1,0,0,1169.67,4
2024-08-29,PRJ-SYNTH-0074,Ports & Shipping,Karnataka,7993.72,34,46,7151.77,79.2,3.9,1.13,0.2,1,1,0,0,8233.48,4
2024-08-29,PRJ-SYNTH-0214,Power,Assam,3357.06,22,43,1275.59,34.5,17.2,1.1,0.6,1,1,1,1,3941.74,32
2024-09-01,PRJ-SYNTH-0100,Railways,Madhya Pradesh,1446.85,53,54,1748.87,94.4,5.5,1.28,0.2,0,2,0,1,1719.71,26
2024-09-03,PRJ-SYNTH-0101,Power,Assam,471.25,28,38,541.28,70.9,12.0,1.62,0.6,1,1,0,1,553.92,25
2024-09-06,PRJ-SYNTH-0003,Petroleum & Natural Gas,Gujarat,3345.27,79,84,2798.62,95.1,3.9,0.88,0.15,0,0,0,0,3345.27,8
2024-09-14,PRJ-SYNTH-0005,Petroleum & Natural Gas,Uttar Pradesh,1447.44,36,55,737.68,60.7,11.7,0.84,0.15,0,0,0,1,1447.44,24
2024-09-16,PRJ-SYNTH-0212,Petroleum & Natural Gas,Bihar,5317.65,64,85,2926.36,86.0,0.0,0.64,0.2,0,0,0,0,5317.65,7
2024-09-18,PRJ-SYNTH-0177,Ports & Shipping,Himachal Pradesh,1830.51,68,72,2239.22,96.3,2.8,1.27,0.7,1,2,0,1,2156.69,26
2024-09-19,PRJ-SYNTH-0061,Railways,Uttar Pradesh,1146.86,69,60,1267.36,93.6,6.4,1.18,0.15,0,0,1,1,1467.86,28
2024-09-21,PRJ-SYNTH-0072,Petroleum & Natural Gas,Jammu & Kashmir,7794.2,78,96,11071.65,78.0,12.8,1.82,0.85,1,0,1,1,10841.85,39
2024-09-24,PRJ-SYNTH-0175,Roads & Highways,West Bengal,2351.61,72,81,3514.88,99.0,0.0,1.51,0.25,0,3,0,1,2732.61,21
2024-10-03,PRJ-SYNTH-0035,Petroleum & Natural Gas,Karnataka,3949.79,46,52,4963.35,97.4,0.0,1.29,0.2,0,1,0,1,4628.12,19
2024-10-05,PRJ-SYNTH-0153,Ports & Shipping,Andhra Pradesh,947.64,43,44,788.83,95.7,4.1,0.87,0.2,0,1,0,1,947.64,23
2024-10-05,PRJ-SYNTH-0150,Roads & Highways,Himachal Pradesh,2397.39,28,38,2815.23,81.5,1.4,1.44,0.7,0,1,1,0,3265.94,1
2024-10-08,PRJ-SYNTH-0131,Roads & Highways,Sikkim,414.42,51,65,346.92,74.7,13.4,1.12,0.8,1,1,1,0,486.44,13
2024-10-10,PRJ-SYNTH-0116,Petroleum & Natural Gas,Jammu & Kashmir,2407.8,65,71,2875.34,71.1,26.9,1.68,0.85,4,3,1,1,3348.14,38
2024-10-10,PRJ-SYNTH-0206,Ports & Shipping,West Bengal,741.79,47,64,415.69,77.8,4.8,0.72,0.25,0,0,0,0,741.79,6
2024-10-16,PRJ-SYNTH-0129,Roads & Highways,Arunachal Pradesh,1987.57,74,90,2058.77,75.1,16.5,1.38,0.85,0,3,1,1,2723.58,28
2024-10-16,PRJ-SYNTH-0130,Roads & Highways,Karnataka,1120.69,46,65,1241.65,66.7,12.7,1.66,0.2,1,2,1,1,1710.77,35
2024-10-18,PRJ-SYNTH-0210,Power,Uttar Pradesh,70269.63,58,35,106930.44,96.3,3.7,1.58,0.15,2,0,1,1,100101.79,17
2024-10-18,PRJ-SYNTH-0135,Roads & Highways,Andhra Pradesh,754.87,53,38,829.53,99.0,1.0,1.11,0.2,0,0,0,0,810.07,3
2024-10-18,PRJ-SYNTH-0168,Power,Uttarakhand,10959.41,15,33,2679.34,31.3,11.9,0.78,0.75,1,2,0,1,10959.41,26
2024-10-19,PRJ-SYNTH-0158,Railways,Odisha,2835.98,74,61,4772.95,99.0,1.0,1.7,0.25,1,0,0,0,3586.36,10
2024-10-20,PRJ-SYNTH-0142,Ports & Shipping,Uttar Pradesh,6259.06,59,73,6141.73,90.0,0.4,1.09,0.15,0,0,0,0,6848.8,2
2024-10-20,PRJ-SYNTH-0234,Petroleum & Natural Gas,Assam,973.58,66,78,1029.46,68.2,25.4,1.55,0.6,3,2,1,1,1387.3,40
2024-11-05,PRJ-SYNTH-0194,Power,Arunachal Pradesh,553.66,71,84,541.56,89.7,3.9,1.09,0.85,0,0,0,0,608.34,4
2024-11-06,PRJ-SYNTH-0239,Railways,Assam,964.2,78,86,1095.6,84.8,12.8,1.34,0.6,1,2,0,1,1163.34,34
2024-11-09,PRJ-SYNTH-0005,Petroleum & Natural Gas,Uttar Pradesh,1447.44,38,55,1053.18,70.6,6.6,1.03,0.15,0,2,0,0,1447.44,5
2024-11-10,PRJ-SYNTH-0173,Petroleum & Natural Gas,Sikkim,1680.34,50,60,2071.45,81.1,11.5,1.52,0.8,1,2,0,1,1967.39,27
2024-11-11,PRJ-SYNTH-0028,Railways,Sikkim,2583.53,24,36,1491.53,63.4,10.7,0.91,0.8,1,2,0,1,2761.04,27
2024-11-12,PRJ-SYNTH-0007,Railways,Karnataka,8105.13,35,50,7921.68,82.8,0.0,1.18,0.2,0,1,0,0,8867.14,4
2024-11-13,PRJ-SYNTH-0056,Railways,Tamil Nadu,4379.62,71,81,4181.73,96.4,0.0,0.99,0.15,0,1,0,0,4447.1,8
2024-11-13,PRJ-SYNTH-0022,Power,Maharashtra,1459.01,73,81,1776.64,99.0,0.0,1.23,0.2,1,0,0,0,1528.96,5
2024-11-13,PRJ-SYNTH-0196,Roads & Highways,Odisha,2607.25,77,63,2688.43,85.9,14.1,1.2,0.25,0,1,0,1,3009.52,24
2024-11-14,PRJ-SYNTH-0150,Roads & Highways,Himachal Pradesh,2397.39,29,38,2232.51,68.5,17.3,1.36,0.7,1,3,0,1,2823.48,35
2024-11-16,PRJ-SYNTH-0170,Power,Himachal Pradesh,883.55,73,73,1057.83,82.0,18.0,1.46,0.7,0,2,0,1,1108.16,34
2024-11-19,PRJ-SYNTH-0070,Roads & Highways,Gujarat,979.59,78,81,662.3,91.4,8.2,0.74,0.15,0,1,0,1,979.59,27
2024-11-20,PRJ-SYNTH-0122,Ports & Shipping,Gujarat,762.1,63,83,606.5,84.7,0.7,0.94,0.15,1,1,0,1,791.21,26
2024-11-21,PRJ-SYNTH-0176,Petroleum & Natural Gas,West Bengal,3967.23,66,77,3225.22,93.4,1.1,0.87,0.25,0,1,0,0,3967.23,0
2024-11-22,PRJ-SYNTH-0138,Petroleum & Natural Gas,Uttar Pradesh,1331.47,66,78,1654.74,91.4,2.2,1.36,0.15,1,1,1,0,1660.08,2
2024-11-22,PRJ-SYNTH-0090,Petroleum & Natural Gas,Andhra Pradesh,2944.23,33,34,2677.84,79.1,20.6,1.15,0.2,3,1,1,1,3537.31,38
2024-11-26,PRJ-SYNTH-0012,Ports & Shipping,Tamil Nadu,1161.6,45,40,1532.49,97.0,3.0,1.36,0.15,0,0,0,1,1501.5,21
2024-11-26,PRJ-SYNTH-0171,Petroleum & Natural Gas,Karnataka,776.63,13,31,242.63,31.6,6.4,0.99,0.2,0,1,0,0,780.07,10
2024-11-27,PRJ-SYNTH-0230,Railways,Andhra Pradesh,3448.24,55,65,3232.75,81.5,12.1,1.15,0.2,0,2,0,1,3635.27,26
2024-12-01,PRJ-SYNTH-0077,Railways,Tamil Nadu,1963.91,49,57,2217.58,88.9,5.7,1.27,0.15,1,1,1,0,2570.51,13
2024-12-03,PRJ-SYNTH-0034,Roads & Highways,Jammu & Kashmir,661.94,83,88,643.71,78.4,20.7,1.24,0.85,2,2,1,1,894.81,33
2024-12-04,PRJ-SYNTH-0049,Roads & Highways,Maharashtra,2505.99,22,38,1607.06,56.8,4.9,1.13,0.2,1,1,1,0,3314.32,3
2024-12-04,PRJ-SYNTH-0088,Petroleum & Natural Gas,Arunachal Pradesh,2470.84,64,84,2937.27,61.9,23.8,1.92,0.85,3,2,1,1,3531.2,36
2024-12-05,PRJ-SYNTH-0248,Railways,Assam,971.98,59,67,474.88,92.2,3.9,0.53,0.6,0,0,0,1,971.98,14
2024-12-07,PRJ-SYNTH-0143,Roads & Highways,Uttarakhand,392.64,81,89,477.65,82.8,14.9,1.47,0.75,3,1,1,1,536.83,25
2024-12-08,PRJ-SYNTH-0197,Roads & Highways,Bihar,780.81,46,52,958.47,97.4,0.0,1.26,0.2,0,0,0,0,834.28,8
2024-12-08,PRJ-SYNTH-0206,Ports & Shipping,West Bengal,741.79,49,64,839.55,79.7,6.4,1.42,0.25,0,0,0,0,878.87,3
2024-12-09,PRJ-SYNTH-0162,Ports & Shipping,Jammu & Kashmir,3818.95,54,43,4055.33,83.6,16.4,1.27,0.85,1,1,0,1,4022.14,23
2024-12-10,PRJ-SYNTH-0085,Railways,Karnataka,838.77,40,41,709.96,91.0,8.8,0.93,0.2,0,1,0,1,838.77,26
2024-12-10,PRJ-SYNTH-0099,Power,Arunachal Pradesh,1816.85,68,69,2154.1,65.9,34.0,1.8,0.85,5,3,1,1,2716.61,40
2024-12-11,PRJ-SYNTH-0062,Ports & Shipping,Jammu & Kashmir,1515.69,79,91,1621.88,59.1,36.1,1.81,0.85,5,1,1,1,2431.15,46
2024-12-12,PRJ-SYNTH-0034,Roads & Highways,Jammu & Kashmir,661.94,83,88,691.82,67.9,31.2,1.54,0.85,4,1,1,1,909.18,40
2024-12-12,PRJ-SYNTH-0173,Petroleum & Natural Gas,Sikkim,1680.34,51,60,1608.1,69.9,24.0,1.37,0.8,2,0,1,1,2308.97,30
2024-12-14,PRJ-SYNTH-0028,Railways,Sikkim,2583.53,25,36,2321.8,61.1,16.6,1.47,0.8,2,1,1,1,3692.85,32
2024-12-20,PRJ-SYNTH-0078,Roads & Highways,Karnataka,1360.96,81,74,1196.3,93.5,6.5,0.94,0.2,0,0,0,1,1477.24,19
2024-12-25,PRJ-SYNTH-0020,Ports & Shipping,Arunachal Pradesh,472.63,46,64,490.22,56.7,24.0,1.83,0.85,3,0,1,1,708.71,34
2024-12-26,PRJ-SYNTH-0153,Ports & Shipping,Andhra Pradesh,947.64,45,44,1350.96,99.0,1.0,1.44,0.2,0,0,0,1,1082.82,23
2024-12-29,PRJ-SYNTH-0155,Petroleum & Natural Gas,Bihar,2388.5,31,44,1763.38,70.3,8.7,1.05,0.2,0,0,0,0,2463.34,6
2024-12-31,PRJ-SYNTH-0205,Ports & Shipping,West Bengal,488.44,52,45,579.63,95.7,4.3,1.24,0.25,0,2,0,1,528.27,25
2025-01-01,PRJ-SYNTH-0164,Petroleum & Natural Gas,Bihar,829.11,47,64,759.79,78.3,4.3,1.17,0.2,0,1,0,0,845.98,8
2025-01-03,PRJ-SYNTH-0052,Petroleum & Natural Gas,Andhra Pradesh,1254.1,80,90,1226.32,90.5,6.1,1.08,0.2,0,1,0,0,1346.26,6
2025-01-05,PRJ-SYNTH-0171,Petroleum & Natural Gas,Karnataka,776.63,14,31,327.26,31.7,11.1,1.33,0.2,1,1,1,1,1081.71,32
2025-01-05,PRJ-SYNTH-0048,Railways,Madhya Pradesh,4935.78,36,39,4739.83,99.0,0.0,0.97,0.2,0,1,0,1,4935.78,9
2025-01-07,PRJ-SYNTH-0199,Petroleum & Natural Gas,Arunachal Pradesh,1910.84,79,90,2565.72,93.9,2.0,1.43,0.85,0,1,0,0,2469.66,0
2025-01-07,PRJ-SYNTH-0128,Ports & Shipping,Assam,1055.76,77,94,1026.45,66.1,25.3,1.47,0.6,4,2,1,1,1444.79,48
2025-01-07,PRJ-SYNTH-0155,Petroleum & Natural Gas,Bihar,2388.5,31,44,2191.71,68.0,11.0,1.35,0.2,1,1,0,0,2802.69,9
2025-01-07,PRJ-SYNTH-0137,Roads & Highways,Maharashtra,859.12,71,83,899.71,90.3,4.0,1.16,0.2,0,1,0,1,859.12,19
2025-01-13,PRJ-SYNTH-0147,Ports & Shipping,Odisha,558.3,73,71,564.96,95.5,4.5,1.06,0.25,0,0,1,1,729.8,15
2025-01-14,PRJ-SYNTH-0057,Roads & Highways,Tamil Nadu,814.64,71,54,1061.81,98.0,2.0,1.33,0.15,0,0,0,1,860.34,18
2025-01-15,PRJ-SYNTH-0214,Power,Assam,3357.06,26,43,2494.38,55.4,10.1,1.34,0.6,0,1,0,0,3595.93,9
2025-01-20,PRJ-SYNTH-0119,Railways,Assam,5354.44,63,60,6214.57,88.6,11.4,1.31,0.6,1,1,1,1,7834.87,22
2025-01-21,PRJ-SYNTH-0090,Petroleum & Natural Gas,Andhra Pradesh,2944.23,35,34,4313.89,99.0,1.0,1.48,0.2,0,2,0,1,3469.25,24
2025-01-24,PRJ-SYNTH-0225,Railways,Jammu & Kashmir,1154.78,77,58,1470.73,82.2,17.8,1.55,0.85,2,1,1,1,1604.58,32
2025-01-24,PRJ-SYNTH-0100,Railways,Madhya Pradesh,1446.85,58,54,1532.65,99.0,1.0,1.07,0.2,0,0,0,1,1536.43,21
2025-01-28,PRJ-SYNTH-0015,Railways,West Bengal,351.19,78,59,303.8,92.0,8.0,0.94,0.25,0,0,0,1,351.19,14
2025-01-31,PRJ-SYNTH-0248,Railways,Assam,971.98,60,67,1072.53,71.2,25.8,1.55,0.6,3,1,1,1,1350.26,34
2025-02-02,PRJ-SYNTH-0165,Ports & Shipping,Sikkim,4515.21,76,85,6177.86,93.1,3.8,1.47,0.8,0,0,1,0,5807.35,0
2025-02-04,PRJ-SYNTH-0204,Railways,Gujarat,4920.24,64,51,4042.96,99.0,1.0,0.83,0.15,0,0,0,0,4920.24,0
2025-02-05,PRJ-SYNTH-0175,Roads & Highways,West Bengal,2351.61,77,81,2351.63,93.5,5.8,1.07,0.25,0,1,0,1,2713.01,23
2025-02-06,PRJ-SYNTH-0206,Ports & Shipping,West Bengal,741.79,51,64,768.21,93.3,0.0,1.11,0.25,0,1,0,0,825.1,5
2025-02-07,PRJ-SYNTH-0125,Roads & Highways,Jammu & Kashmir,3157.43,38,52,2944.53,73.4,8.8,1.27,0.85,0,2,0,1,3348.43,29
2025-02-07,PRJ-SYNTH-0107,Petroleum & Natural Gas,Uttarakhand,10849.53,68,54,13841.04,81.8,18.2,1.56,0.75,1,0,1,1,15293.18,29
2025-02-10,PRJ-SYNTH-0034,Roads & Highways,Jammu & Kashmir,661.94,85,88,735.04,80.5,19.2,1.38,0.85,0,2,0,1,770.66,33
2025-02-11,PRJ-SYNTH-0173,Petroleum & Natural Gas,Sikkim,1680.34,53,60,1948.5,82.2,14.0,1.41,0.8,1,0,1,1,2099.68,26
2025-02-12,PRJ-SYNTH-0230,Railways,Andhra Pradesh,3448.24,57,65,3843.23,96.1,0.0,1.16,0.2,0,1,0,0,3970.98,0
2025-02-15,PRJ-SYNTH-0002,Roads & Highways,Madhya Pradesh,1585.49,40,43,1537.57,96.0,2.6,1.01,0.2,0,0,0,0,1585.49,2
2025-02-16,PRJ-SYNTH-0194,Power,Arunachal Pradesh,553.66,75,84,493.85,69.7,27.1,1.28,0.85,1,1,1,1,722.54,44
2025-02-17,PRJ-SYNTH-0020,Ports & Shipping,Arunachal Pradesh,472.63,48,64,559.76,59.8,24.6,1.98,0.85,3,0,1,1,725.45,36
2025-02-21,PRJ-SYNTH-0129,Roads & Highways,Arunachal Pradesh,1987.57,78,90,2870.09,89.7,5.4,1.61,0.85,0,2,1,0,2880.61,5
2025-02-25,PRJ-SYNTH-0082,Railways,Tamil Nadu,2538.32,67,49,3116.04,99.0,1.0,1.24,0.15,0,1,0,0,2605.61,1
2025-02-28,PRJ-SYNTH-0226,Railways,Arunachal Pradesh,5087.3,52,49,6211.87,74.0,26.0,1.65,0.85,2,1,1,1,7150.23,38
2025-03-02,PRJ-SYNTH-0114,Petroleum & Natural Gas,Bihar,18771.22,58,68,16807.86,86.9,7.2,1.03,0.2,1,1,0,0,18771.22,7
2025-03-06,PRJ-SYNTH-0135,Roads & Highways,Andhra Pradesh,754.87,58,38,559.98,90.5,9.5,0.82,0.2,0,0,0,1,767.35,31
2025-03-09,PRJ-SYNTH-0009,Power,Odisha,1157.48,80,43,584.41,99.0,1.0,0.51,0.25,0,1,0,0,1157.48,8
2025-03-09,PRJ-SYNTH-0113,Roads & Highways,Andhra Pradesh,1914.51,73,83,1756.1,83.4,12.6,1.1,0.2,0,1,0,1,1929.73,26
2025-03-16,PRJ-SYNTH-0061,Railways,Uttar Pradesh,1146.86,75,60,1282.6,87.4,12.6,1.28,0.15,1,1,0,1,1166.51,29
2025-03-17,PRJ-SYNTH-0095,Roads & Highways,Bihar,1245.76,85,82,1430.82,86.4,13.6,1.33,0.2,1,3,0,1,1320.02,34
2025-03-17,PRJ-SYNTH-0176,Petroleum & Natural Gas,West Bengal,3967.23,70,77,3954.01,95.8,1.9,1.04,0.25,0,0,0,0,3967.23,7
2025-03-19,PRJ-SYNTH-0131,Roads & Highways,Sikkim,414.42,57,65,469.07,78.1,17.7,1.45,0.8,1,2,1,1,540.92,25
2025-03-23,PRJ-SYNTH-0172,Railways,Odisha,832.96,59,60,658.29,87.8,12.1,0.9,0.25,1,0,1,1,1005.96,22
2025-03-24,PRJ-SYNTH-0044,Power,Odisha,1358.25,64,81,1117.55,80.7,7.9,1.02,0.25,0,0,0,0,1358.25,9
2025-03-24,PRJ-SYNTH-0167,Roads & Highways,Arunachal Pradesh,3947.97,77,89,4385.01,63.5,31.5,1.75,0.85,4,0,1,1,5741.68,42
2025-03-24,PRJ-SYNTH-0052,Petroleum & Natural Gas,Andhra Pradesh,1254.1,82,90,1783.2,96.1,1.7,1.48,0.2,1,1,0,0,1563.41,2
2025-03-24,PRJ-SYNTH-0227,Petroleum & Natural Gas,West Bengal,1921.89,58,64,2256.63,91.7,5.8,1.28,0.25,1,2,0,1,2159.2,19
2025-03-26,PRJ-SYNTH-0040,Railways,Madhya Pradesh,2179.86,48,60,2864.48,97.3,0.0,1.35,0.2,1,1,0,1,2516.91,13
2025-03-29,PRJ-SYNTH-0215,Power,Bihar,1340.09,70,82,1808.58,83.8,10.4,1.61,0.2,1,0,1,1,1869.79,36
2025-03-29,PRJ-SYNTH-0165,Ports & Shipping,Sikkim,4515.21,77,85,4960.72,77.4,20.1,1.42,0.8,1,2,1,1,6401.7,41
2025-03-29,PRJ-SYNTH-0086,Power,Jammu & Kashmir,1122.52,86,35,1058.84,85.0,15.0,1.11,0.85,1,2,0,1,1122.52,28
2025-03-31,PRJ-SYNTH-0102,Power,Karnataka,1212.44,83,95,1461.27,88.0,7.6,1.37,0.2,0,0,1,1,1615.36,24
2025-04-03,PRJ-SYNTH-0206,Ports & Shipping,West Bengal,741.79,53,64,1031.27,89.7,2.5,1.55,0.25,1,2,1,0,1086.04,0
2025-04-04,PRJ-SYNTH-0063,Railways,Uttarakhand,632.06,61,51,508.94,73.2,26.8,1.1,0.75,2,1,1,1,847.36,40
2025-04-06,PRJ-SYNTH-0009,Power,Odisha,1157.48,81,43,1116.02,94.5,5.5,1.02,0.25,0,0,0,1,1246.34,21
2025-04-08,PRJ-SYNTH-0210,Power,Uttar Pradesh,70269.63,63,35,52859.62,87.5,12.5,0.86,0.15,0,0,0,1,70269.63,24
2025-04-09,PRJ-SYNTH-0088,Petroleum & Natural Gas,Arunachal Pradesh,2470.84,68,84,1786.52,70.2,20.3,1.03,0.85,1,1,0,1,2558.24,30
2025-04-10,PRJ-SYNTH-0172,Railways,Odisha,832.96,60,60,1104.94,92.1,7.9,1.44,0.25,0,2,1,1,1095.56,23
2025-04-13,PRJ-SYNTH-0147,Ports & Shipping,Odisha,558.3,76,71,425.59,99.0,1.0,0.77,0.25,1,1,0,1,621.18,14
2025-04-15,PRJ-SYNTH-0110,Petroleum & Natural Gas,Assam,1684.59,65,70,1730.41,76.1,22.4,1.35,0.6,2,1,1,1,2202.3,32
2025-04-15,PRJ-SYNTH-0192,Railways,Madhya Pradesh,4078.88,67,83,2910.06,90.3,0.0,0.79,0.2,0,0,0,0,4141.51,4
2025-04-16,PRJ-SYNTH-0192,Railways,Madhya Pradesh,4078.88,67,83,2610.43,79.0,11.3,0.81,0.2,1,1,0,0,4078.88,6
2025-04-17,PRJ-SYNTH-0156,Power,Bihar,917.24,48,43,754.6,95.7,4.3,0.86,0.2,0,2,0,1,917.24,28
2025-04-20,PRJ-SYNTH-0169,Roads & Highways,Assam,1432.08,84,92,2018.18,89.8,8.1,1.57,0.6,0,1,0,1,1824.59,23
2025-04-20,PRJ-SYNTH-0051,Power,Madhya Pradesh,2459.91,84,92,3498.45,96.7,1.2,1.47,0.2,0,0,1,0,3309.84,0
2025-04-21,PRJ-SYNTH-0117,Ports & Shipping,Arunachal Pradesh,1749.39,53,57,1885.01,84.8,13.8,1.27,0.85,1,0,0,1,1749.39,33
2025-04-26,PRJ-SYNTH-0150,Roads & Highways,Himachal Pradesh,2397.39,35,38,2431.29,83.1,15.1,1.22,0.7,0,0,0,1,2397.39,17
2025-04-29,PRJ-SYNTH-0094,Petroleum & Natural Gas,Jammu & Kashmir,1324.41,72,49,1486.77,87.7,12.3,1.28,0.85,0,1,0,1,1461.0,30
2025-05-03,PRJ-SYNTH-0098,Ports & Shipping,Maharashtra,2316.94,74,58,2223.1,88.8,11.2,1.08,0.2,0,0,0,1,2497.03,27
2025-05-05,PRJ-SYNTH-0180,Petroleum & Natural Gas,Tamil Nadu,23960.47,75,53,30907.91,94.8,5.2,1.36,0.15,1,1,0,1,27503.21,27
2025-05-07,PRJ-SYNTH-0108,Ports & Shipping,Maharashtra,2134.2,18,30,1322.62,62.0,2.8,1.0,0.2,0,1,0,0,2134.2,2
2025-05-09,PRJ-SYNTH-0174,Ports & Shipping,Sikkim,2500.12,75,32,2681.72,80.6,19.4,1.33,0.8,0,1,0,1,2892.03,33
2025-05-09,PRJ-SYNTH-0119,Railways,Assam,5354.44,67,60,4405.9,90.4,9.6,0.91,0.6,0,0,0,1,5575.05,24
2025-05-11,PRJ-SYNTH-0092,Power,West Bengal,4537.87,40,35,5435.91,99.0,1.0,1.21,0.25,0,1,0,0,4738.94,7
2025-05-17,PRJ-SYNTH-0244,Petroleum & Natural Gas,Sikkim,4115.3,79,34,6071.65,75.7,24.3,1.95,0.8,4,0,1,1,6272.25,33
2025-05-19,PRJ-SYNTH-0016,Power,Uttarakhand,1059.79,77,88,1259.56,74.7,21.0,1.59,0.75,1,0,1,1,1515.72,36
2025-05-20,PRJ-SYNTH-0128,Ports & Shipping,Assam,1055.76,81,94,1200.38,78.4,16.4,1.45,0.6,2,0,1,1,1310.36,36
2025-05-20,PRJ-SYNTH-0188,Railways,Bihar,1687.18,56,62,1830.67,95.2,2.2,1.14,0.2,1,2,0,1,1909.31,18
2025-05-25,PRJ-SYNTH-0158,Railways,Odisha,2835.98,82,61,2410.42,83.3,16.7,1.02,0.25,1,2,0,1,2835.98,30
2025-05-27,PRJ-SYNTH-0239,Railways,Assam,964.2,85,86,886.37,94.8,5.2,0.97,0.6,0,2,0,1,964.2,20
2025-05-28,PRJ-SYNTH-0068,Petroleum & Natural Gas,Sikkim,4690.79,85,50,6091.84,97.6,2.4,1.33,0.8,0,1,1,1,6050.97,20
2025-05-31,PRJ-SYNTH-0045,Ports & Shipping,Himachal Pradesh,443.81,85,96,520.77,78.8,17.6,1.49,0.7,1,1,1,1,619.6,36
2025-06-02,PRJ-SYNTH-0012,Ports & Shipping,Tamil Nadu,1161.6,51,40,1301.14,96.6,3.4,1.16,0.15,0,2,0,1,1234.78,17
2025-06-02,PRJ-SYNTH-0174,Ports & Shipping,Sikkim,2500.12,76,32,2559.82,83.9,16.1,1.22,0.8,0,1,0,1,2798.32,28
2025-06-04,PRJ-SYNTH-0194,Power,Arunachal Pradesh,553.66,78,84,609.58,69.7,28.8,1.58,0.85,3,0,1,1,749.29,35
2025-06-07,PRJ-SYNTH-0005,Petroleum & Natural Gas,Uttar Pradesh,1447.44,45,55,1299.34,88.9,2.4,1.01,0.15,0,1,0,0,1447.44,3
2025-06-08,PRJ-SYNTH-0040,Railways,Madhya Pradesh,2179.86,51,60,2168.77,85.8,8.1,1.16,0.2,0,0,0,1,2179.86,30
2025-06-15,PRJ-SYNTH-0055,Ports & Shipping,Jammu & Kashmir,4814.8,44,36,4351.89,81.4,18.6,1.11,0.85,2,2,1,1,6264.22,39
2025-06-15,PRJ-SYNTH-0072,Petroleum & Natural Gas,Jammu & Kashmir,7794.2,86,96,5116.17,82.1,14.9,0.8,0.85,0,1,0,1,7794.2,25
2025-06-16,PRJ-SYNTH-0142,Ports & Shipping,Uttar Pradesh,6259.06,67,73,8489.16,99.0,0.0,1.37,0.15,0,1,1,0,8343.13,1
2025-06-19,PRJ-SYNTH-0146,Power,Maharashtra,3799.91,78,78,3705.35,84.8,15.2,1.15,0.2,1,0,1,1,4681.41,32
2025-06-21,PRJ-SYNTH-0087,Roads & Highways,Assam,4314.05,78,63,6052.49,88.8,11.2,1.58,0.6,1,2,0,1,4875.66,28
2025-06-21,PRJ-SYNTH-0211,Petroleum & Natural Gas,Sikkim,3109.9,80,86,3487.37,72.8,25.8,1.54,0.8,3,2,1,1,4117.78,46
2025-06-24,PRJ-SYNTH-0158,Railways,Odisha,2835.98,82,61,2707.94,97.4,2.6,0.98,0.25,0,1,0,1,3085.16,23
2025-06-25,PRJ-SYNTH-0167,Roads & Highways,Arunachal Pradesh,3947.97,80,89,4979.78,81.4,15.7,1.55,0.85,1,0,1,1,5582.06,31
2025-06-25,PRJ-SYNTH-0092,Power,West Bengal,4537.87,41,35,4884.08,86.1,13.9,1.25,0.25,1,1,0,1,4946.56,33
2025-06-28,PRJ-SYNTH-0130,Roads & Highways,Karnataka,1120.69,54,65,742.45,87.2,5.2,0.76,0.2,0,1,0,1,1120.69,27
2025-06-29,PRJ-SYNTH-0232,Power,West Bengal,2220.83,87,92,2458.95,98.9,0.2,1.12,0.25,0,1,0,0,2487.06,0
2025-07-01,PRJ-SYNTH-0175,Roads & Highways,West Bengal,2351.61,81,81,2537.84,87.7,12.3,1.23,0.25,1,2,0,1,2744.19,25
2025-07-01,PRJ-SYNTH-0037,Power,Andhra Pradesh,2204.86,53,50,2030.01,99.0,1.0,0.93,0.2,0,0,0,0,2313.21,7
2025-07-03,PRJ-SYNTH-0083,Petroleum & Natural Gas,West Bengal,7361.36,67,56,6367.08,87.4,12.6,0.99,0.25,1,2,0,1,7361.36,32
2025-07-04,PRJ-SYNTH-0007,Railways,Karnataka,8105.13,43,50,8089.27,81.8,12.9,1.22,0.2,1,0,0,1,9499.4,25
2025-07-04,PRJ-SYNTH-0090,Petroleum & Natural Gas,Andhra Pradesh,2944.23,40,34,2195.39,92.1,7.9,0.81,0.2,0,0,0,1,2944.23,26
2025-07-08,PRJ-SYNTH-0248,Railways,Assam,971.98,66,67,1017.71,79.3,20.6,1.32,0.6,2,0,1,1,1157.02,32
2025-07-10,PRJ-SYNTH-0137,Roads & Highways,Maharashtra,859.12,77,83,1352.34,99.0,0.0,1.59,0.2,0,1,0,0,1068.42,0
2025-07-12,PRJ-SYNTH-0090,Petroleum & Natural Gas,Andhra Pradesh,2944.23,40,34,3276.87,95.9,4.1,1.16,0.2,1,1,1,1,4019.39,17
2025-07-13,PRJ-SYNTH-0243,Power,Gujarat,2921.17,79,78,2873.94,98.4,1.6,1.0,0.15,0,0,0,0,2921.17,6
2025-07-14,PRJ-SYNTH-0213,Ports & Shipping,Gujarat,4475.18,76,74,4784.86,99.0,1.0,1.08,0.15,0,1,0,0,4475.18,0
2025-07-18,PRJ-SYNTH-0169,Roads & Highways,Assam,1432.08,87,92,1830.68,89.4,9.7,1.43,0.6,0,2,0,1,1715.36,22
2025-07-20,PRJ-SYNTH-0009,Power,Odisha,1157.48,84,43,1486.61,97.3,2.7,1.32,0.25,0,1,0,1,1369.41,19
2025-07-21,PRJ-SYNTH-0125,Roads & Highways,Jammu & Kashmir,3157.43,43,52,3480.35,77.6,14.5,1.42,0.85,0,2,0,1,3808.89,34
2025-07-26,PRJ-SYNTH-0025,Roads & Highways,Karnataka,1077.97,53,61,938.17,96.7,0.0,0.9,0.2,0,2,0,0,1077.97,1
2025-07-26,PRJ-SYNTH-0073,Roads & Highways,Karnataka,1747.54,82,70,2116.76,98.5,1.5,1.23,0.2,1,1,0,0,1747.54,3
2025-07-29,PRJ-SYNTH-0201,Railways,Arunachal Pradesh,2539.95,73,59,2814.99,88.0,12.0,1.26,0.85,0,2,0,1,2811.72,30
2025-07-29,PRJ-SYNTH-0007,Railways,Karnataka,8105.13,43,50,7399.11,88.6,6.1,1.03,0.2,1,1,0,1,8391.99,25
2025-07-31,PRJ-SYNTH-0135,Roads & Highways,Andhra Pradesh,754.87,63,38,818.37,88.9,11.1,1.22,0.2,1,1,0,1,761.04,25
2025-08-06,PRJ-SYNTH-0119,Railways,Assam,5354.44,70,60,9002.61,90.9,9.1,1.85,0.6,2,1,1,1,7964.58,19
2025-08-10,PRJ-SYNTH-0134,Roads & Highways,Andhra Pradesh,2835.33,68,79,2267.21,91.9,2.8,0.87,0.2,0,0,0,0,2835.33,5
2025-08-10,PRJ-SYNTH-0213,Ports & Shipping,Gujarat,4475.18,77,74,4844.35,93.3,6.7,1.16,0.15,0,1,0,1,5364.86,22
2025-08-10,PRJ-SYNTH-0028,Railways,Sikkim,2583.53,33,36,2909.42,67.8,30.2,1.66,0.8,4,1,1,1,3800.34,45
2025-08-11,PRJ-SYNTH-0175,Roads & Highways,West Bengal,2351.61,83,81,2630.75,99.0,1.0,1.13,0.25,0,1,0,1,2491.34,11
2025-08-14,PRJ-SYNTH-0209,Railways,Karnataka,2949.22,76,41,2253.23,97.9,2.1,0.78,0.2,0,2,0,0,3003.08,0
2025-08-15,PRJ-SYNTH-0055,Ports & Shipping,Jammu & Kashmir,4814.8,46,36,8010.12,91.4,8.6,1.82,0.85,1,3,1,1,6675.83,22
2025-08-17,PRJ-SYNTH-0036,Power,Tamil Nadu,566.91,88,94,700.65,86.4,12.4,1.43,0.15,0,1,0,1,625.9,21
2025-08-17,PRJ-SYNTH-0018,Power,Odisha,2437.03,50,39,2692.67,84.3,15.7,1.31,0.25,1,0,0,1,2877.13,30
2025-08-30,PRJ-SYNTH-0050,Power,Maharashtra,338.7,57,39,330.77,95.7,4.3,1.02,0.2,0,3,0,1,342.49,25
2025-08-30,PRJ-SYNTH-0220,Roads & Highways,Maharashtra,1954.29,89,96,1973.44,99.0,0.0,1.02,0.2,0,0,0,0,2105.46,1
2025-08-30,PRJ-SYNTH-0159,Petroleum & Natural Gas,West Bengal,583.04,38,45,526.82,82.9,10.6,1.09,0.25,0,2,0,1,645.69,24
2025-08-30,PRJ-SYNTH-0151,Railways,Maharashtra,2293.81,78,61,2557.73,98.7,1.3,1.13,0.2,0,1,0,0,2426.95,0
2025-08-31,PRJ-SYNTH-0075,Ports & Shipping,West Bengal,150.09,60,70,225.35,98.8,0.0,1.52,0.25,0,1,0,0,166.62,2
2025-08-31,PRJ-SYNTH-0212,Petroleum & Natural Gas,Bihar,5317.65,75,85,5968.95,78.5,17.7,1.43,0.2,2,0,0,1,6243.85,22
2025-09-03,PRJ-SYNTH-0168,Power,Uttarakhand,10959.41,25,33,9203.84,65.1,20.1,1.29,0.75,2,1,1,1,12966.61,31
2025-09-07,PRJ-SYNTH-0177,Ports & Shipping,Himachal Pradesh,1830.51,80,72,1999.18,74.3,25.7,1.47,0.7,2,1,1,1,2706.36,38
2025-09-08,PRJ-SYNTH-0141,Power,Madhya Pradesh,2244.16,75,85,2189.7,89.5,6.7,1.09,0.2,0,1,0,0,2253.54,7
2025-09-08,PRJ-SYNTH-0154,Ports & Shipping,Odisha,2254.4,67,62,2673.01,87.8,12.2,1.35,0.25,1,1,0,1,2254.4,23
2025-09-10,PRJ-SYNTH-0024,Ports & Shipping,Sikkim,467.07,90,88,474.27,80.0,20.0,1.27,0.8,1,2,1,1,578.53,37
2025-09-15,PRJ-SYNTH-0064,Ports & Shipping,Uttar Pradesh,580.33,61,63,701.76,94.5,5.2,1.28,0.15,0,3,0,0,715.4,4
2025-09-23,PRJ-SYNTH-0183,Power,Madhya Pradesh,653.7,72,52,608.33,99.0,1.0,0.94,0.2,0,0,0,0,653.7,2
2025-09-25,PRJ-SYNTH-0129,Roads & Highways,Arunachal Pradesh,1987.57,85,90,2398.8,84.4,14.7,1.43,0.85,1,1,1,1,2773.03,27
2025-09-25,PRJ-SYNTH-0192,Railways,Madhya Pradesh,4078.88,72,83,5172.63,92.6,2.6,1.37,0.2,1,0,0,0,5115.87,2
2025-09-26,PRJ-SYNTH-0145,Roads & Highways,Jammu & Kashmir,2314.36,89,89,3006.19,63.1,36.9,2.06,0.85,5,1,1,1,3572.94,45
2025-09-27,PRJ-SYNTH-0056,Railways,Tamil Nadu,4379.62,81,81,6086.15,89.7,10.3,1.55,0.15,1,1,0,1,5213.89,22
2025-09-27,PRJ-SYNTH-0185,Railways,Maharashtra,1462.22,84,67,1596.1,89.5,10.5,1.22,0.2,1,1,0,1,1598.27,31
2025-10-02,PRJ-SYNTH-0100,Railways,Madhya Pradesh,1446.85,66,54,1580.34,97.5,2.5,1.12,0.2,0,0,0,1,1636.39,19
2025-10-03,PRJ-SYNTH-0115,Power,Uttar Pradesh,1506.07,79,66,1043.71,99.0,1.0,0.7,0.15,0,2,0,0,1506.07,2
2025-10-04,PRJ-SYNTH-0248,Railways,Assam,971.98,69,67,1047.74,84.2,15.8,1.28,0.6,1,1,0,1,1091.1,31
2025-10-07,PRJ-SYNTH-0029,Roads & Highways,Tamil Nadu,1021.87,47,50,1234.68,93.7,5.3,1.29,0.15,1,2,1,0,1315.83,8
2025-10-07,PRJ-SYNTH-0226,Railways,Arunachal Pradesh,5087.3,59,49,4977.53,66.1,33.9,1.48,0.85,4,0,1,1,6573.65,46
2025-10-08,PRJ-SYNTH-0243,Power,Gujarat,2921.17,82,78,3217.79,97.5,2.5,1.13,0.15,0,1,0,1,3474.18,15
2025-10-09,PRJ-SYNTH-0084,Power,Odisha,1105.05,85,94,1391.62,88.1,9.3,1.43,0.25,1,1,0,0,1296.15,13
2025-10-09,PRJ-SYNTH-0195,Petroleum & Natural Gas,Maharashtra,2131.37,41,42,1830.48,81.8,18.0,1.05,0.2,1,1,0,1,2131.37,24
2025-10-11,PRJ-SYNTH-0098,Ports & Shipping,Maharashtra,2316.94,80,58,3215.05,95.0,5.0,1.46,0.2,2,1,1,1,3032.47,20
2025-10-12,PRJ-SYNTH-0175,Roads & Highways,West Bengal,2351.61,85,81,3529.04,98.1,1.9,1.53,0.25,1,1,1,1,3474.33,21
2025-10-14,PRJ-SYNTH-0224,Roads & Highways,Madhya Pradesh,390.69,92,69,358.09,97.5,2.5,0.94,0.2,0,3,0,1,390.69,19
2025-10-19,PRJ-SYNTH-0214,Power,Assam,3357.06,35,43,3743.43,79.6,11.3,1.4,0.6,2,1,1,1,4716.04,32
2025-10-19,PRJ-SYNTH-0108,Ports & Shipping,Maharashtra,2134.2,23,30,1561.7,82.2,4.0,0.89,0.2,0,0,0,0,2294.98,0
2025-10-21,PRJ-SYNTH-0048,Railways,Madhya Pradesh,4935.78,46,39,4783.7,92.3,7.7,1.05,0.2,0,1,0,1,5655.77,28
2025-10-24,PRJ-SYNTH-0225,Railways,Jammu & Kashmir,1154.78,86,58,1686.55,86.4,13.6,1.69,0.85,0,3,0,1,1374.37,27
2025-10-24,PRJ-SYNTH-0130,Roads & Highways,Karnataka,1120.69,58,65,966.51,94.8,2.0,0.91,0.2,0,0,0,1,1120.69,18
2025-10-25,PRJ-SYNTH-0118,Roads & Highways,Sikkim,595.71,74,40,466.29,86.0,14.0,0.91,0.8,1,1,0,1,595.71,36
2025-10-27,PRJ-SYNTH-0013,Petroleum & Natural Gas,West Bengal,2275.29,74,76,2503.77,88.0,11.8,1.25,0.25,0,1,1,1,2787.44,33
2025-10-27,PRJ-SYNTH-0234,Petroleum & Natural Gas,Assam,973.58,78,78,1168.69,94.5,5.5,1.27,0.6,1,2,0,1,1153.1,16
2025-10-29,PRJ-SYNTH-0085,Railways,Karnataka,838.77,51,41,1055.06,98.3,1.7,1.28,0.2,0,0,0,1,993.02,16
2025-10-31,PRJ-SYNTH-0107,Petroleum & Natural Gas,Uttarakhand,10849.53,76,54,9842.98,86.4,13.6,1.05,0.75,1,2,0,1,11158.87,33
2025-11-02,PRJ-SYNTH-0240,Railways,Arunachal Pradesh,4063.55,66,48,4674.4,86.5,13.5,1.33,0.85,1,1,0,1,5060.19,25
2025-11-03,PRJ-SYNTH-0127,Roads & Highways,Arunachal Pradesh,705.56,82,89,920.32,88.7,9.5,1.47,0.85,0,1,0,1,810.86,20
2025-11-06,PRJ-SYNTH-0065,Ports & Shipping,West Bengal,3912.37,91,92,4747.21,94.8,5.2,1.28,0.25,0,0,0,1,4256.99,18
2025-11-06,PRJ-SYNTH-0054,Ports & Shipping,Tamil Nadu,3232.76,80,75,4256.47,88.4,11.6,1.49,0.15,1,0,1,1,4352.26,27
2025-11-07,PRJ-SYNTH-0047,Railways,Assam,1167.24,54,59,1143.07,93.3,4.7,1.05,0.6,0,0,0,0,1167.24,5
2025-11-07,PRJ-SYNTH-0117,Ports & Shipping,Arunachal Pradesh,1749.39,59,57,1573.74,68.2,31.8,1.32,0.85,2,1,1,1,2067.89,41
2025-11-09,PRJ-SYNTH-0159,Petroleum & Natural Gas,West Bengal,583.04,40,45,796.75,98.3,0.0,1.39,0.25,0,0,0,0,687.26,0
2025-11-12,PRJ-SYNTH-0250,Petroleum & Natural Gas,Jammu & Kashmir,2656.41,83,53,2063.37,84.4,15.6,0.92,0.85,0,1,0,1,2656.41,27
2025-11-13,PRJ-SYNTH-0108,Ports & Shipping,Maharashtra,2134.2,24,30,989.36,84.3,5.3,0.55,0.2,0,1,1,0,2134.2,12
2025-11-13,PRJ-SYNTH-0068,Petroleum & Natural Gas,Sikkim,4690.79,90,50,5481.55,80.6,19.4,1.45,0.8,2,2,1,1,6338.39,34
2025-11-15,PRJ-SYNTH-0035,Petroleum & Natural Gas,Karnataka,3949.79,60,52,5147.02,95.8,4.2,1.36,0.2,0,1,0,1,4392.02,21
2025-11-16,PRJ-SYNTH-0128,Ports & Shipping,Assam,1055.76,87,94,1082.05,82.0,16.4,1.25,0.6,2,0,1,1,1346.75,36
2025-11-17,PRJ-SYNTH-0024,Ports & Shipping,Sikkim,467.07,92,88,370.28,90.1,9.9,0.88,0.8,0,2,0,1,467.07,32
2025-11-18,PRJ-SYNTH-0145,Roads & Highways,Jammu & Kashmir,2314.36,91,89,2598.63,92.8,7.2,1.21,0.85,1,1,0,1,2391.04,23
2025-11-18,PRJ-SYNTH-0127,Roads & Highways,Arunachal Pradesh,705.56,83,89,721.48,74.6,24.1,1.37,0.85,2,1,0,1,791.29,41
2025-11-22,PRJ-SYNTH-0163,Ports & Shipping,Himachal Pradesh,5435.28,65,49,6510.24,78.8,21.2,1.52,0.7,3,2,1,1,7170.5,31
2025-11-22,PRJ-SYNTH-0077,Railways,Tamil Nadu,1963.91,60,57,1710.81,88.0,12.0,0.99,0.15,0,1,0,1,2035.53,31
2025-11-22,PRJ-SYNTH-0161,Petroleum & Natural Gas,Gujarat,716.27,94,73,841.05,98.7,1.3,1.19,0.15,1,1,1,1,872.06,24
2025-11-26,PRJ-SYNTH-0074,Ports & Shipping,Karnataka,7993.72,49,46,10525.33,99.0,1.0,1.33,0.2,1,1,0,0,9508.3,3
2025-11-27,PRJ-SYNTH-0039,Railways,Uttar Pradesh,511.95,84,76,359.67,92.4,7.6,0.76,0.15,0,1,0,1,511.95,24
2025-11-30,PRJ-SYNTH-0058,Roads & Highways,Arunachal Pradesh,1347.83,88,84,1421.87,78.1,21.9,1.35,0.85,0,0,0,1,1472.06,35
2025-11-30,PRJ-SYNTH-0171,Petroleum & Natural Gas,Karnataka,776.63,25,31,890.75,79.1,11.1,1.45,0.2,1,1,1,1,1070.13,23
2025-12-03,PRJ-SYNTH-0146,Power,Maharashtra,3799.91,84,78,3799.53,99.0,1.0,1.01,0.2,0,0,0,0,4390.04,0
2025-12-03,PRJ-SYNTH-0095,Roads & Highways,Bihar,1245.76,94,82,1479.96,99.0,1.0,1.2,0.2,0,2,0,0,1268.48,0
2025-12-07,PRJ-SYNTH-0022,Power,Maharashtra,1459.01,86,81,1126.65,99.0,1.0,0.78,0.2,0,2,0,0,1483.05,5
2025-12-11,PRJ-SYNTH-0088,Petroleum & Natural Gas,Arunachal Pradesh,2470.84,76,84,2841.04,72.3,25.2,1.59,0.85,2,1,1,1,3535.85,37
2025-12-12,PRJ-SYNTH-0044,Power,Odisha,1358.25,73,81,1321.81,91.8,5.5,1.06,0.25,0,2,0,1,1575.01,23
2025-12-14,PRJ-SYNTH-0015,Railways,West Bengal,351.19,88,59,352.79,89.7,10.3,1.12,0.25,0,0,0,1,351.19,29
2025-12-17,PRJ-SYNTH-0064,Ports & Shipping,Uttar Pradesh,580.33,65,63,469.67,96.3,3.7,0.84,0.15,0,2,0,1,580.33,18
2025-12-17,PRJ-SYNTH-0116,Petroleum & Natural Gas,Jammu & Kashmir,2407.8,79,71,2497.52,70.6,29.4,1.47,0.85,4,2,1,1,3188.36,37
2025-12-18,PRJ-SYNTH-0185,Railways,Maharashtra,1462.22,87,67,1187.61,88.3,11.7,0.92,0.2,1,1,0,1,1492.17,22
2025-12-18,PRJ-SYNTH-0240,Railways,Arunachal Pradesh,4063.55,68,48,4499.24,87.2,12.8,1.27,0.85,0,3,0,1,4340.99,24
2025-12-24,PRJ-SYNTH-0111,Power,Tamil Nadu,292.12,90,94,352.82,99.0,0.5,1.22,0.15,0,2,0,0,302.61,3
2025-12-24,PRJ-SYNTH-0093,Roads & Highways,Odisha,928.02,72,43,1096.15,96.8,3.2,1.22,0.25,0,2,0,1,1100.35,12
2025-12-27,PRJ-SYNTH-0209,Railways,Karnataka,2949.22,80,41,1890.46,98.6,1.4,0.65,0.2,0,1,0,1,2949.22,23
2025-12-27,PRJ-SYNTH-0156,Power,Bihar,917.24,56,43,1318.5,92.7,7.3,1.55,0.2,1,1,0,1,1193.68,25
2025-12-29,PRJ-SYNTH-0174,Ports & Shipping,Sikkim,2500.12,83,32,3045.45,78.1,21.9,1.56,0.8,2,1,1,1,3383.97,34
2025-12-30,PRJ-SYNTH-0169,Roads & Highways,Assam,1432.08,92,92,1452.61,83.1,16.9,1.22,0.6,3,2,1,1,1611.45,29
2026-01-03,PRJ-SYNTH-0054,Ports & Shipping,Tamil Nadu,3232.76,81,75,2567.74,92.4,7.6,0.86,0.15,0,0,0,1,3232.76,31
2026-01-06,PRJ-SYNTH-0074,Ports & Shipping,Karnataka,7993.72,51,46,5775.92,93.8,6.2,0.77,0.2,0,1,0,1,7993.72,29
2026-01-09,PRJ-SYNTH-0231,Petroleum & Natural Gas,Assam,903.39,96,64,1129.91,86.9,13.1,1.44,0.6,3,2,0,1,988.61,25
2026-01-11,PRJ-SYNTH-0194,Power,Arunachal Pradesh,553.66,86,84,577.17,71.4,28.6,1.46,0.85,3,1,1,1,842.37,39
2026-01-11,PRJ-SYNTH-0037,Power,Andhra Pradesh,2204.86,60,50,1656.53,93.9,6.1,0.8,0.2,1,0,0,1,2204.86,22
2026-01-12,PRJ-SYNTH-0243,Power,Gujarat,2921.17,85,78,4597.04,96.0,4.0,1.64,0.15,0,1,1,1,4166.79,20
2026-01-14,PRJ-SYNTH-0140,Petroleum & Natural Gas,Jammu & Kashmir,561.54,63,58,707.86,83.5,16.5,1.51,0.85,2,1,1,1,766.65,28
2026-01-14,PRJ-SYNTH-0101,Power,Assam,471.25,44,38,633.8,98.2,1.8,1.37,0.6,0,0,0,1,552.36,20
2026-01-15,PRJ-SYNTH-0069,Roads & Highways,Gujarat,2549.25,56,38,2570.18,92.5,7.5,1.09,0.15,0,1,0,1,2849.97,28
2026-01-21,PRJ-SYNTH-0244,Petroleum & Natural Gas,Sikkim,4115.3,87,34,4026.02,92.3,7.7,1.06,0.8,0,1,0,1,4694.74,22
2026-01-22,PRJ-SYNTH-0091,Ports & Shipping,Andhra Pradesh,1982.72,94,46,2905.08,99.0,1.0,1.48,0.2,0,1,0,0,2297.22,0
2026-01-23,PRJ-SYNTH-0198,Roads & Highways,Gujarat,2092.34,41,30,1801.26,94.6,5.4,0.91,0.15,0,1,0,1,2101.63,21
2026-01-23,PRJ-SYNTH-0098,Ports & Shipping,Maharashtra,2316.94,83,58,2041.46,99.0,1.0,0.89,0.2,0,0,0,1,2316.94,20
2026-01-24,PRJ-SYNTH-0016,Power,Uttarakhand,1059.79,86,88,1272.59,72.8,27.0,1.65,0.75,2,0,1,1,1464.95,36
2026-01-25,PRJ-SYNTH-0132,Power,Gujarat,1929.73,78,60,2549.09,95.0,5.0,1.39,0.15,1,2,0,1,2346.61,19
2026-01-26,PRJ-SYNTH-0106,Ports & Shipping,Assam,2654.07,95,95,3028.56,92.0,8.0,1.24,0.6,0,1,0,1,2915.47,19
2026-01-27,PRJ-SYNTH-0069,Roads & Highways,Gujarat,2549.25,56,38,2361.63,90.8,9.2,1.02,0.15,1,1,0,1,2549.25,22
2026-01-31,PRJ-SYNTH-0186,Railways,Sikkim,3562.79,58,31,3931.02,76.6,23.4,1.44,0.8,3,0,1,1,4588.69,34
2026-02-02,PRJ-SYNTH-0198,Roads & Highways,Gujarat,2092.34,42,30,2233.07,97.9,2.1,1.09,0.15,0,1,0,1,2092.34,18
2026-02-04,PRJ-SYNTH-0152,Petroleum & Natural Gas,Uttar Pradesh,2512.73,81,49,3379.51,87.9,12.1,1.53,0.15,0,0,0,1,3110.96,26
2026-02-06,PRJ-SYNTH-0123,Ports & Shipping,Odisha,6854.46,90,93,5164.83,91.9,7.8,0.82,0.25,0,1,0,1,7029.49,21
2026-02-08,PRJ-SYNTH-0089,Railways,Uttar Pradesh,1093.05,37,39,1031.03,98.3,0.9,0.96,0.15,0,2,0,1,1193.35,15
2026-02-10,PRJ-SYNTH-0135,Roads & Highways,Andhra Pradesh,754.87,69,38,956.83,96.8,3.2,1.31,0.2,0,2,0,1,921.54,15
2026-02-14,PRJ-SYNTH-0165,Ports & Shipping,Sikkim,4515.21,88,85,4074.45,71.1,28.9,1.27,0.8,2,2,1,1,5980.68,36
2026-02-15,PRJ-SYNTH-0207,Ports & Shipping,Sikkim,2949.18,57,40,3356.0,73.4,26.6,1.55,0.8,0,2,1,1,3991.77,35
2026-02-16,PRJ-SYNTH-0115,Power,Uttar Pradesh,1506.07,83,66,1327.0,99.0,1.0,0.89,0.15,0,1,0,0,1506.07,7
2026-02-20,PRJ-SYNTH-0228,Ports & Shipping,Sikkim,649.46,67,61,830.58,78.9,21.1,1.62,0.8,2,0,1,1,930.78,30
2026-02-22,PRJ-SYNTH-0085,Railways,Karnataka,838.77,55,41,728.23,89.5,10.5,0.97,0.2,1,1,0,1,859.87,23
2026-03-02,PRJ-SYNTH-0219,Petroleum & Natural Gas,Uttar Pradesh,1140.14,91,89,1456.07,99.0,1.0,1.29,0.15,0,2,0,1,1333.11,15
2026-03-02,PRJ-SYNTH-0071,Petroleum & Natural Gas,Madhya Pradesh,2548.67,87,35,2136.32,86.4,13.6,0.97,0.2,0,2,0,1,2765.57,35
2026-03-03,PRJ-SYNTH-0009,Power,Odisha,1157.48,91,43,1257.2,97.9,2.1,1.11,0.25,0,1,0,1,1328.98,22
2026-03-04,PRJ-SYNTH-0250,Petroleum & Natural Gas,Jammu & Kashmir,2656.41,86,53,2725.02,75.4,24.6,1.36,0.85,2,0,0,1,2920.65,37
2026-03-05,PRJ-SYNTH-0118,Roads & Highways,Sikkim,595.71,79,40,745.82,79.7,20.3,1.57,0.8,3,0,1,1,823.9,34
2026-03-09,PRJ-SYNTH-0211,Petroleum & Natural Gas,Sikkim,3109.9,88,86,3870.43,77.3,22.7,1.61,0.8,2,1,1,1,4059.13,40
2026-03-10,PRJ-SYNTH-0079,Power,Madhya Pradesh,1972.73,87,66,2675.61,99.0,1.0,1.37,0.2,0,2,0,0,2183.64,0
2026-03-11,PRJ-SYNTH-0014,Railways,Odisha,293.65,67,35,225.61,91.5,8.5,0.84,0.25,0,0,0,1,293.65,28
2026-03-12,PRJ-SYNTH-0168,Power,Uttarakhand,10959.41,31,33,13562.97,82.0,16.9,1.51,0.75,1,1,1,1,14501.51,33
2026-03-13,PRJ-SYNTH-0190,Petroleum & Natural Gas,Gujarat,428.76,88,36,360.8,99.0,1.0,0.85,0.15,0,1,0,0,428.76,4
2026-03-14,PRJ-SYNTH-0195,Petroleum & Natural Gas,Maharashtra,2131.37,47,42,2257.76,99.0,1.0,1.07,0.2,0,3,0,1,2131.37,17
2026-03-16,PRJ-SYNTH-0131,Roads & Highways,Sikkim,414.42,68,65,538.81,77.9,22.1,1.67,0.8,2,2,0,1,505.62,37
2026-03-17,PRJ-SYNTH-0050,Power,Maharashtra,338.7,63,39,325.22,98.0,2.0,0.98,0.2,0,0,0,1,364.96,25
2026-03-18,PRJ-SYNTH-0186,Railways,Sikkim,3562.79,60,31,3109.03,73.3,26.7,1.19,0.8,3,2,1,1,4443.75,42
2026-03-20,PRJ-SYNTH-0003,Petroleum & Natural Gas,Gujarat,3345.27,97,84,3829.69,78.4,21.6,1.46,0.15,2,0,1,1,4551.9,42
2026-03-21,PRJ-SYNTH-0132,Power,Gujarat,1929.73,80,60,989.98,95.0,5.0,0.54,0.15,0,1,0,1,1929.73,22
2026-03-21,PRJ-SYNTH-0182,Railways,West Bengal,800.87,78,54,658.07,99.0,1.0,0.83,0.25,0,2,0,1,800.87,10
2026-03-21,PRJ-SYNTH-0107,Petroleum & Natural Gas,Uttarakhand,10849.53,81,54,12490.02,80.5,19.5,1.43,0.75,0,2,1,1,14351.58,34
2026-03-25,PRJ-SYNTH-0008,Power,Jammu & Kashmir,3748.32,88,65,3474.36,81.3,18.7,1.14,0.85,1,1,0,1,4133.36,38
2026-03-28,PRJ-SYNTH-0007,Railways,Karnataka,8105.13,51,50,8320.16,90.8,9.2,1.13,0.2,0,2,0,1,8105.13,24
2026-03-29,PRJ-SYNTH-0045,Ports & Shipping,Himachal Pradesh,443.81,95,96,546.75,83.8,16.2,1.47,0.7,3,2,1,1,576.14,27
2026-04-01,PRJ-SYNTH-0082,Railways,Tamil Nadu,2538.32,80,49,2573.56,95.6,4.4,1.06,0.15,0,2,0,1,2657.31,21
2026-04-14,PRJ-SYNTH-0007,Railways,Karnataka,8105.13,52,50,8901.38,78.4,21.6,1.4,0.2,2,0,1,1,10075.43,30
2026-04-18,PRJ-SYNTH-0197,Roads & Highways,Bihar,780.81,62,52,1051.28,99.0,1.0,1.36,0.2,0,1,0,0,930.37,11
2026-04-20,PRJ-SYNTH-0038,Petroleum & Natural Gas,Uttar Pradesh,280.99,83,71,285.57,88.4,11.6,1.15,0.15,1,2,0,1,310.17,28
2026-04-28,PRJ-SYNTH-0234,Petroleum & Natural Gas,Assam,973.58,84,78,963.35,81.8,18.2,1.21,0.6,0,1,0,1,1021.3,33
2026-04-28,PRJ-SYNTH-0184,Petroleum & Natural Gas,Uttar Pradesh,2859.35,81,46,3369.12,91.3,8.7,1.29,0.15,0,0,0,1,3185.78,28
2026-04-30,PRJ-SYNTH-0243,Power,Gujarat,2921.17,89,78,2140.05,99.0,1.0,0.74,0.15,0,0,0,0,2956.63,1
2026-05-03,PRJ-SYNTH-0071,Petroleum & Natural Gas,Madhya Pradesh,2548.67,89,35,2757.26,94.9,5.1,1.14,0.2,0,0,0,1,2941.76,23
2026-05-03,PRJ-SYNTH-0139,Power,Uttar Pradesh,3916.06,73,68,5117.51,99.0,1.0,1.32,0.15,0,0,0,0,4066.2,0
2026-05-04,PRJ-SYNTH-0110,Petroleum & Natural Gas,Assam,1684.59,77,70,1639.12,81.8,18.2,1.19,0.6,0,0,0,1,1934.77,36
2026-05-07,PRJ-SYNTH-0150,Roads & Highways,Himachal Pradesh,2397.39,47,38,3141.71,92.9,7.1,1.41,0.7,0,0,1,1,3055.97,24
2026-05-08,PRJ-SYNTH-0217,Power,Gujarat,867.67,78,62,723.5,92.6,7.4,0.9,0.15,0,0,0,1,874.78,27
2026-05-08,PRJ-SYNTH-0175,Roads & Highways,West Bengal,2351.61,92,81,1779.22,91.2,8.8,0.83,0.25,0,2,0,1,2499.89,24
2026-05-11,PRJ-SYNTH-0075,Ports & Shipping,West Bengal,150.09,69,70,151.11,95.0,4.9,1.06,0.25,0,0,0,1,152.28,17
2026-05-11,PRJ-SYNTH-0087,Roads & Highways,Assam,4314.05,89,63,5045.15,81.2,18.8,1.44,0.6,2,2,1,1,5620.0,36
2026-05-21,PRJ-SYNTH-0158,Railways,Odisha,2835.98,93,61,3310.9,87.1,12.9,1.34,0.25,1,0,1,1,3273.59,31
2026-05-25,PRJ-SYNTH-0213,Ports & Shipping,Gujarat,4475.18,87,74,5670.95,99.0,1.0,1.28,0.15,1,1,0,1,5052.55,21
2026-05-27,PRJ-SYNTH-0164,Petroleum & Natural Gas,Bihar,829.11,64,64,1073.44,94.5,5.5,1.37,0.2,0,1,0,1,864.2,18
2026-05-30,PRJ-SYNTH-0037,Power,Andhra Pradesh,2204.86,64,50,2291.95,99.0,1.0,1.05,0.2,0,2,0,1,2211.75,20
2026-05-31,PRJ-SYNTH-0048,Railways,Madhya Pradesh,4935.78,53,39,5778.02,90.7,9.3,1.29,0.2,0,1,0,1,5378.32,22
2026-05-31,PRJ-SYNTH-0029,Roads & Highways,Tamil Nadu,1021.87,55,50,1193.72,97.3,2.7,1.2,0.15,0,1,0,1,1025.82,17
2026-06-04,PRJ-SYNTH-0047,Railways,Assam,1167.24,61,59,1313.76,92.3,7.7,1.22,0.6,0,1,0,1,1289.36,25
2026-06-05,PRJ-SYNTH-0132,Power,Gujarat,1929.73,82,60,2598.19,99.0,1.0,1.36,0.15,0,1,0,1,2080.17,17
2026-06-06,PRJ-SYNTH-0172,Railways,Odisha,832.96,73,60,843.51,88.8,11.2,1.14,0.25,0,0,0,1,913.61,27
2026-06-08,PRJ-SYNTH-0168,Power,Uttarakhand,10959.41,34,33,15317.45,80.8,19.2,1.73,0.75,2,1,1,1,15315.72,31
2026-06-08,PRJ-SYNTH-0198,Roads & Highways,Gujarat,2092.34,46,30,2196.92,97.2,2.8,1.08,0.15,0,0,0,0,2315.95,3
2026-06-08,PRJ-SYNTH-0141,Power,Madhya Pradesh,2244.16,84,85,2510.54,99.0,1.0,1.13,0.2,0,0,0,1,2428.52,19
2026-06-10,PRJ-SYNTH-0235,Roads & Highways,Assam,13859.79,62,60,15402.94,94.2,5.8,1.18,0.6,1,1,0,1,15690.82,25
2026-06-11,PRJ-SYNTH-0187,Ports & Shipping,Sikkim,2834.37,89,86,2977.47,93.0,7.0,1.13,0.8,0,1,0,1,2834.37,20
2026-06-12,PRJ-SYNTH-0048,Railways,Madhya Pradesh,4935.78,53,39,4491.67,96.8,3.2,0.94,0.2,1,0,0,1,4935.78,21
2026-06-15,PRJ-SYNTH-0006,Roads & Highways,Jammu & Kashmir,1447.47,91,87,1076.04,82.6,17.4,0.9,0.85,1,2,0,1,1507.38,33
2026-06-16,PRJ-SYNTH-0049,Roads & Highways,Maharashtra,2505.99,40,38,2555.36,99.0,1.0,1.03,0.2,0,1,0,0,2667.86,2
2026-06-18,PRJ-SYNTH-0070,Roads & Highways,Gujarat,979.59,97,81,987.56,96.0,4.0,1.05,0.15,0,1,0,1,979.59,22
2026-06-19,PRJ-SYNTH-0010,Railways,Uttarakhand,3027.32,90,75,3225.52,89.5,10.5,1.19,0.75,0,1,0,1,3339.65,33
2026-06-19,PRJ-SYNTH-0090,Petroleum & Natural Gas,Andhra Pradesh,2944.23,51,34,2606.14,98.4,1.6,0.9,0.2,0,1,0,1,2944.23,15
2026-06-19,PRJ-SYNTH-0188,Railways,Bihar,1687.18,69,62,1737.12,99.0,1.0,1.04,0.2,0,2,0,0,1779.72,2
2026-06-24,PRJ-SYNTH-0195,Petroleum & Natural Gas,Maharashtra,2131.37,50,42,2862.69,95.9,4.1,1.4,0.2,0,0,0,1,2526.72,26
2026-06-25,PRJ-SYNTH-0224,Roads & Highways,Madhya Pradesh,390.69,100,69,398.39,99.0,1.0,1.03,0.2,0,2,0,0,395.19,6
2026-06-27,PRJ-SYNTH-0186,Railways,Sikkim,3562.79,63,31,4312.58,85.8,14.2,1.41,0.8,1,2,1,1,4748.13,27
2026-06-28,PRJ-SYNTH-0023,Roads & Highways,Gujarat,1927.83,94,70,1908.55,99.0,1.0,1.0,0.15,0,0,0,0,1978.44,5
2026-06-30,PRJ-SYNTH-0230,Railways,Andhra Pradesh,3448.24,74,65,4025.4,91.9,8.1,1.27,0.2,0,0,0,1,4023.56,20
2026-06-30,PRJ-SYNTH-0119,Railways,Assam,5354.44,81,60,5844.69,84.6,15.4,1.29,0.6,0,2,1,1,6587.8,30
2026-06-30,PRJ-SYNTH-0223,Ports & Shipping,Arunachal Pradesh,3470.13,100,45,4680.03,76.2,23.8,1.77,0.85,4,2,1,1,5264.29,35
